Time (s),Fᵧ (N),rᵧ (m),vᵧ (m/s),aᵧ (m/s²)
2.4600000381469727,-0.7752519845962524,0.06480000168085098,0.03999999910593033,-4.03636360168457
2.4700000286102295,-0.7661527991294861,0.06499999761581421,0.019999999552965164,-4.0545454025268555
2.4800000190734863,-0.7661527991294861,0.06480000168085098,-0.019999999552965164,-4.0545454025268555
2.490000009536743,-0.7661527991294861,0.06419999897480011,-0.06000000238418579,-4.036363124847412
2.5,-0.7479544281959534,0.06320000439882278,-0.10000000149011612,-4.109090805053711
2.509999990463257,-0.7297561168670654,0.061600007116794586,-0.1599999964237213,-4.090909004211426
2.5199999809265137,-0.7115577459335327,0.05960000306367874,-0.20000000298023224,-4.090909004211426
2.5299999713897705,-0.6842601895332336,0.057200003415346146,-0.24000000953674316,-4.000000476837158
2.5399999618530273,-0.6569626331329346,0.0543999969959259,-0.2800000011920929,-3.8181819915771484
2.549999952316284,-0.6296650767326355,0.05120000243186951,-0.3199999928474426,-3.563636064529419
2.559999942779541,-0.5750700235366821,0.04779999703168869,-0.3399999737739563,-3.1636362075805664
2.569999933242798,-0.5477724671363831,0.04399999603629112,-0.3799999952316284,-2.8545453548431396
2.5799999237060547,-0.4931773543357849,0.039799999445676804,-0.41999998688697815,-2.563636302947998
2.5899999141693115,-0.43858230113983154,0.03539999574422836,-0.4399999976158142,-2.218181610107422
2.5999999046325684,-0.39308640360832214,0.030799996107816696,-0.4599999785423279,-1.8545453548431396
2.609999895095825,-0.32939210534095764,0.026200000196695328,-0.4599999785423279,-1.600000023841858
2.619999885559082,-0.2747970223426819,0.021400000900030136,-0.48000001907348633,-1.2727272510528564
2.630000114440918,-0.22930113971233368,0.01639999821782112,-0.5,-1
2.640000104904175,-0.16560687124729156,0.011400001123547554,-0.5,-0.7272726893424988
2.6500000953674316,-0.10191260278224945,0.006399999372661114,-0.5,-0.49090903997421265
2.6600000858306885,-0.047317516058683395,0.001199999824166298,-0.5199999809265137,-0.30909091234207153
2.6700000762939453,-0.0018216129392385483,-0.003999999724328518,-0.5199999809265137,-4.1178171983347056e-13
2.680000066757202,0.07097183167934418,-0.009200000204145908,-0.5199999809265137,0.4000000059604645
2.690000057220459,0.1346661001443863,-0.014199999161064625,-0.5,0.6545454263687134
2.700000047683716,0.18926118314266205,-0.019200000911951065,-0.5,1.0363637208938599
2.7100000381469727,0.243856281042099,-0.02419999986886978,-0.5,1.5090910196304321
2.7200000286102295,0.29845136404037476,-0.028999999165534973,-0.48000001907348633,1.7454545497894287
2.7300000190734863,0.3530464470386505,-0.033399999141693115,-0.4399999976158142,2.018181800842285
2.740000009536743,0.38944315910339355,-0.03779999911785126,-0.4399999976158142,2.2909092903137207
2.75,0.4440382421016693,-0.04179999977350235,-0.4000000059604645,2.545454502105713
2.759999990463257,0.48043498396873474,-0.04540000110864639,-0.35999998450279236,2.672727346420288
2.7699999809265137,0.5350300669670105,-0.049000002443790436,-0.36000001430511475,2.9272725582122803
2.7799999713897705,0.5623276233673096,-0.05220000073313713,-0.3199999928474426,3.0727272033691406
2.7899999618530273,0.6078234910964966,-0.054999999701976776,-0.2800000309944153,3.3090908527374268
2.799999952316284,0.6260218620300293,-0.057600002735853195,-0.2600000202655792,3.4181816577911377
2.809999942779541,0.6624186038970947,-0.06000000238418579,-0.24000000953674316,3.5818183422088623
2.819999933242798,0.6806169748306274,-0.061600007116794586,-0.1599999964237213,3.6181819438934326
2.8299999237060547,0.6988152861595154,-0.06300000101327896,-0.14000001549720764,3.6181819438934326
2.8399999141693115,0.7079144716262817,-0.06399999558925629,-0.10000000149011612,3.654545545578003
2.8499999046325684,0.7170136570930481,-0.06460000574588776,-0.06000000238418579,3.7272727489471436
2.859999895095825,0.7261128425598145,-0.06480000168085098,-0.019999999552965164,3.7272727489471436
2.869999885559082,0.7170136570930481,-0.06499999761581421,-0.019999999552965164,3.7272727489471436
2.880000114440918,0.7079144716262817,-0.06459999829530716,0.03999999910593033,3.8363635540008545
2.890000104904175,0.6988152861595154,-0.06379999220371246,0.07999999821186066,3.872727155685425
2.9000000953674316,0.6897161602973938,-0.06259999424219131,0.12000000476837158,3.8363635540008545
2.9100000858306885,0.6806169748306274,-0.061000000685453415,0.1599999964237213,3.8363635540008545
2.9200000762939453,0.6533194184303284,-0.058800000697374344,0.2199999988079071,3.781818389892578
2.930000066757202,0.644220232963562,-0.05640000104904175,0.24000000953674316,3.4727272987365723
2.940000057220459,0.6078234910964966,-0.0536000020802021,0.2800000011920929,3.21818208694458
2.950000047683716,0.5714268088340759,-0.050599999725818634,0.30000001192092896,2.9454548358917236
2.9600000381469727,0.5441292524337769,-0.047200001776218414,0.3399999737739563,2.672727108001709
2.9700000286102295,0.49863332509994507,-0.04359999671578407,0.35999998450279236,2.418181896209717
2.9800000190734863,0.45313742756843567,-0.039799999445676804,0.3799999952316284,2.3090908527374268
2.990000009536743,0.40764153003692627,-0.03579999879002571,0.4000000059604645,2.0727274417877197
3,0.3530464470386505,-0.031599998474121094,0.42000001668930054,1.9272725582122803
3.009999990463257,0.3075505495071411,-0.02720000222325325,0.4399999678134918,1.6909090280532837
3.0199999809265137,0.25295546650886536,-0.022600000724196434,0.4599999785423279,1.3999998569488525
3.0299999713897705,0.18926118314266205,-0.017799999564886093,0.48000001907348633,1.0909091234207153
3.0399999618530273,0.14376527070999146,-0.013000001199543476,0.48000001907348633,0.6909090876579285
3.049999952316284,0.08007100969552994,-0.007999999448657036,0.5,0.3272727131843567
3.059999942779541,0.03457510843873024,-0.0030000004917383194,0.5,-0.0727272629737854
3.069999933242798,-0.020019974559545517,0.0017999999690800905,0.48000001907348633,-0.38181817531585693
3.0799999237060547,-0.07461506128311157,0.006599999964237213,0.48000001907348633,-0.6727272868156433
3.0899999141693115,-0.12921014428138733,0.01119999960064888,0.4599999785423279,-0.9090908765792847
3.0999999046325684,-0.18380522727966309,0.015800001099705696,0.4599999785423279,-1.2545454502105713
3.109999895095825,-0.23840031027793884,0.02019999921321869,0.4399999976158142,-1.4727272987365723
3.119999885559082,-0.30209457874298096,0.02459999918937683,0.4399999976158142,-1.6363636255264282
3.130000114440918,-0.338491290807724,0.02879999950528145,0.41999998688697815,-1.9272727966308594
3.140000104904175,-0.3839872181415558,0.03280000016093254,0.4000000059604645,-2.127272844314575
3.1500000953674316,-0.4294831156730652,0.036399997770786285,0.35999998450279236,-2.418181896209717
3.1600000858306885,-0.48407819867134094,0.039799999445676804,0.3400000035762787,-2.672727108001709
3.1700000762939453,-0.5113757252693176,0.0430000014603138,0.3199999928474426,-2.9636361598968506
3.180000066757202,-0.5295740962028503,0.04580000042915344,0.2800000309944153,-3.1636364459991455
3.190000057220459,-0.5750700235366821,0.04839999973773956,0.2600000202655792,-3.345454692840576
3.200000047683716,-0.5932683944702148,0.050599999725818634,0.2199999988079071,-3.4000000953674316
3.2100000381469727,-0.6114667057991028,0.052400000393390656,0.18000000715255737,-3.436363697052002
3.2200000286102295,-0.6387642621994019,0.05379999801516533,0.14000001549720764,-3.454545259475708
3.2300000190734863,-0.6478634476661682,0.05479999631643295,0.10000000149011612,-3.436363697052002
3.240000009536743,-0.6569626331329346,0.05539999529719353,0.06000000238418579,-3.3818180561065674
3.25,-0.6660618185997009,0.055799998342990875,0.03999999910593033,-3.2909088134765625
3.259999990463257,-0.6569626331329346,0.0560000017285347,0.019999999552965164,-3.345454454421997
3.2699999809265137,-0.6660618185997009,0.055800002068281174,-0.019999999552965164,-3.436363697052002
3.2799999713897705,-0.6569626331329346,0.0552000030875206,-0.06000000238418579,-3.4727272987365723
3.2899999618530273,-0.6387642621994019,0.0544000044465065,-0.07999999821186066,-3.563636302947998
3.299999952316284,-0.6387642621994019,0.053199999034404755,-0.12000000476837158,-3.7090907096862793
3.309999942779541,-0.6205658912658691,0.05139999836683273,-0.18000000715255737,-3.6181819438934326
3.319999933242798,-0.5932683944702148,0.04919999837875366,-0.2199999988079071,-3.4000000953674316
3.3299999237060547,-0.5659708380699158,0.046799998730421066,-0.24000000953674316,-3.1636364459991455
3.3399999141693115,-0.5386732816696167,0.04400000348687172,-0.2800000309944153,-3.018181800842285
3.3499999046325684,-0.5022765398025513,0.04079999774694443,-0.3199999928474426,-2.672727108001709
3.359999895095825,-0.4658798277378082,0.03760000318288803,-0.320000022649765,-2.345454454421997
3.369999885559082,-0.4294831156730652,0.034199997782707214,-0.3399999737739563,-2.1636364459991455
3.380000114440918,-0.3839872181415558,0.03060000017285347,-0.35999998450279236,-1.9636363983154297
3.390000104904175,-0.338491290807724,0.026599999517202377,-0.4000000059604645,-1.6727272272109985
3.4000000953674316,-0.28389620780944824,0.022599998861551285,-0.4000000059604645,-1.4181818962097168
3.4100000858306885,-0.2474994957447052,0.018400000408291817,-0.41999998688697815,-1.2363636493682861
3.4200000762939453,-0.19290441274642944,0.014000000432133675,-0.4399999678134918,-0.9454545974731445
3.430000066757202,-0.1383093297481537,0.009599998593330383,-0.4399999976158142,-0.6545454859733582
3.440000057220459,-0.09281342476606369,0.005199999548494816,-0.4399999678134918,-0.2909091114997864
3.450000047683716,-0.047317516058683395,0.0007999995723366737,-0.4399999976158142,-0.09090909361839294
3.4600000381469727,0.007277567405253649,-0.0036000004038214684,-0.4399999976158142,0.12727272510528564
3.4700000286102295,0.06187264993786812,-0.007999999448657036,-0.4399999678134918,0.4363636076450348
3.4800000190734863,0.10736855119466782,-0.012399999424815178,-0.4399999976158142,0.5999999642372131
3.490000009536743,0.1528644561767578,-0.016599999740719795,-0.41999998688697815,0.800000011920929
3.5,0.20745953917503357,-0.020800000056624413,-0.41999998688697815,1.0181818008422852
3.509999990463257,0.25295546650886536,-0.02500000037252903,-0.41999998688697815,1.3272727727890015
3.5199999809265137,0.29845136404037476,-0.02879999950528145,-0.3800000250339508,1.600000023841858
3.5299999713897705,0.34394726157188416,-0.03259999677538872,-0.3799999952316284,1.9090907573699951
3.5399999618530273,0.38944315910339355,-0.03619999811053276,-0.35999998450279236,2.127272844314575
3.549999952316284,0.4167407155036926,-0.03959999978542328,-0.3400000035762787,2.436363697052002
3.559999942779541,0.462236613035202,-0.04259999841451645,-0.30000001192092896,2.6181817054748535
3.569999933242798,0.4895341694355011,-0.04540000110864639,-0.2800000309944153,2.7454545497894287
3.5799999237060547,0.5168316960334778,-0.04779999703168869,-0.24000000953674316,3
3.5899999141693115,0.5441292524337769,-0.05000000074505806,-0.2199999988079071,3.1636364459991455
3.5999999046325684,0.5623276233673096,-0.05180000141263008,-0.18000000715255737,3.218181610107422
3.609999895095825,0.5805259943008423,-0.05339999869465828,-0.1600000113248825,3.1636364459991455
3.619999885559082,0.6078234910964966,-0.05460000038146973,-0.12000000476837158,3.200000047683716
3.630000114440918,0.6169226765632629,-0.05539999529719353,-0.07999999821186066,3.127272605895996
3.640000104904175,0.6260218620300293,-0.055799998342990875,-0.03999999910593033,3.1454544067382812
3.6500000953674316,0.6169226765632629,-0.0560000017285347,-0.019999999552965164,3.1454544067382812
3.6600000858306885,0.6351210474967957,-0.0560000017285347,-6.927791673660977e-14,3.3090908527374268
3.6700000762939453,0.6351210474967957,-0.05559999868273735,0.03999999910593033,3.236363649368286
3.680000066757202,0.6078234910964966,-0.054999999701976776,0.06000000238418579,3.236363649368286
3.690000057220459,0.5987243056297302,-0.05400000140070915,0.10000000149011612,3.3090908527374268
3.700000047683716,0.5896251201629639,-0.05260000377893448,0.14000000059604645,3.3636364936828613
3.7100000381469727,0.5714268088340759,-0.050599999725818634,0.20000000298023224,3.218181610107422
3.7200000286102295,0.5532284379005432,-0.04859999939799309,0.20000000298023224,3.0727272033691406
3.7300000190734863,0.5259308815002441,-0.04619999974966049,0.24000000953674316,2.9272727966308594
3.740000009536743,0.49863332509994507,-0.04340000078082085,0.2800000011920929,2.5999999046325684
3.75,0.462236613035202,-0.040400005877017975,0.30000001192092896,2.309091091156006
3.759999990463257,0.425839900970459,-0.03739999979734421,0.30000001192092896,2.0727272033691406
3.7699999809265137,0.38944315910339355,-0.03400000184774399,0.3399999737739563,1.9272727966308594
3.7799999713897705,0.34394726157188416,-0.030399998649954796,0.35999998450279236,1.600000023841858
3.7899999618530273,0.29845136404037476,-0.02680000104010105,0.35999998450279236,1.3090908527374268
3.799999952316284,0.2620546221733093,-0.023000000044703484,0.3799999952316284,1.1818182468414307
3.809999942779541,0.22565791010856628,-0.01899999938905239,0.4000000059604645,1.0363636016845703
3.819999933242798,0.17106282711029053,-0.015000000596046448,0.4000000059604645,0.781818151473999
3.8299999237060547,0.11646773666143417,-0.01099999900907278,0.4000000059604645,0.5454545617103577
3.8399999141693115,0.08007100969552994,-0.007000000216066837,0.4000000059604645,0.3636363446712494
3.8499999046325684,0.02547593042254448,-0.00279999990016222,0.41999998688697815,0.054545462131500244
3.859999895095825,-0.029119156301021576,0.00139999995008111,0.42000001668930054,-0.2545454502105713
3.869999885559082,-0.07461506128311157,0.005600000265985727,0.41999998688697815,-0.5272727608680725
3.880000114440918,-0.12011096626520157,0.009600000455975533,0.4000000059604645,-0.7454546093940735
3.890000104904175,-0.16560687124729156,0.013599999248981476,0.3999999761581421,-1
3.9000000953674316,-0.19290441274642944,0.017400000244379044,0.3799999952316284,-1.3636363744735718
3.9100000858306885,-0.2474994957447052,0.021000001579523087,0.35999998450279236,-1.600000023841858
3.9200000762939453,-0.2929953932762146,0.024400001391768456,0.3400000035762787,-1.781818151473999
3.930000066757202,-0.32029294967651367,0.027799999341368675,0.3400000035762787,-1.89090895652771
3.940000057220459,-0.37488803267478943,0.03099999949336052,0.3199999928474426,-2.10909104347229
3.950000047683716,-0.4021855592727661,0.033799998462200165,0.2800000309944153,-2.21818208694458
3.9600000381469727,-0.4294831156730652,0.036400001496076584,0.2600000202655792,-2.4000000953674316
3.9700000286102295,-0.4658798277378082,0.03879999741911888,0.24000000953674316,-2.6363635063171387
3.9800000190734863,-0.48407819867134094,0.04100000113248825,0.2199999988079071,-2.909090757369995
3.990000009536743,-0.5022765398025513,0.04280000180006027,0.18000000715255737,-3
4,-0.5295740962028503,0.04439999908208847,0.1600000113248825,-3
4.010000228881836,-0.5386732816696167,0.04559999704360962,0.12000000476837158,-2.9272727966308594
4.019999980926514,-0.5477724671363831,0.04639999940991402,0.07999999821186066,-2.799999952316284
4.03000020980835,-0.5477724671363831,0.04679999500513077,0.03999999910593033,-2.6181817054748535
4.039999961853027,-0.5659708380699158,0.04699999839067459,0.019999999552965164,-2.4727272987365723
4.050000190734863,-0.5659708380699158,0.04699999839067459,8.526512829121202e-14,-2.454545259475708
4.059999942779541,-0.5568716526031494,0.04699999839067459,0,-2.545454502105713
4.070000171661377,-0.5568716526031494,0.046799998730421066,-0.019999999552965164,-2.6363635063171387
4.079999923706055,-0.5477724671363831,0.046400003135204315,-0.03999999910593033,-2.8363635540008545
4.090000152587891,-0.5295740962028503,0.04560000076889992,-0.07999999821186066,-3.1454546451568604
4.099999904632568,-0.520474910736084,0.04439999908208847,-0.12000000476837158,-3.3636364936828613
4.110000133514404,-0.4931773841381073,0.04260000213980675,-0.18000000715255737,-3.4000000953674316
4.119999885559082,-0.48407819867134094,0.0406000018119812,-0.20000000298023224,-3.2545456886291504
4.130000114440918,-0.45678067207336426,0.038200002163648605,-0.24000000953674316,-3.018181800842285
4.139999866485596,-0.43858230113983154,0.03539999946951866,-0.2800000011920929,-2.5090909004211426
4.150000095367432,-0.4021855592727661,0.03240000084042549,-0.30000001192092896,-2.0545451641082764
4.159999847412109,-0.36578884720802307,0.029400000348687172,-0.30000001192092896,-1.672727346420288
4.170000076293945,-0.32029294967651367,0.026200000196695328,-0.3199999928474426,-1.4909090995788574
4.179999828338623,-0.28389620780944824,0.022800002247095108,-0.3399999737739563,-1.2363636493682861
4.190000057220459,-0.23840032517910004,0.019600000232458115,-0.320000022649765,-1.1272728443145752
4.199999809265137,-0.2020035833120346,0.016200000420212746,-0.3399999737739563,-1.0909091234207153
4.210000038146973,-0.14740850031375885,0.012600000016391277,-0.35999998450279236,-0.9636362791061401
4.21999979019165,-0.11101178824901581,0.008799999952316284,-0.3799999952316284,-0.7636364102363586
4.230000019073486,-0.07461506128311157,0.004999999888241291,-0.3799999952316284,-0.5090909004211426
4.239999771118164,-0.038218334317207336,0.0010000001639127731,-0.4000000059604645,-0.23636358976364136
4.25,0.01637674868106842,-0.0029999997932463884,-0.4000000059604645,0.23636363446712494
4.260000228881836,0.05277347192168236,-0.0068000005558133125,-0.3800000250339508,0.5090909004211426
4.269999980926514,0.09826937317848206,-0.010599999688565731,-0.3799999952316284,0.8545454144477844
4.28000020980835,0.1528644561767578,-0.014199999161064625,-0.35999998450279236,1.0363636016845703
4.289999961853027,0.18926118314266205,-0.01759999990463257,-0.3400000035762787,1.2363636493682861
4.300000190734863,0.22565791010856628,-0.020799998193979263,-0.3199999928474426,1.327272653579712
4.309999942779541,0.2620546221733093,-0.024199998006224632,-0.3399999737739563,1.4727271795272827
4.320000171661377,0.29845136404037476,-0.02720000222325325,-0.30000001192092896,1.6545454263687134
4.329999923706055,0.34394726157188416,-0.03019999898970127,-0.30000001192092896,1.7636363506317139
4.340000152587891,0.36214563250541687,-0.032999999821186066,-0.2800000309944153,1.89090895652771
4.349999904632568,0.38944315910339355,-0.035599999129772186,-0.2600000202655792,2.127272844314575
4.360000133514404,0.4167407155036926,-0.03779999539256096,-0.2199999988079071,2.3636364936828613
4.369999885559082,0.4440382421016693,-0.039799999445676804,-0.20000000298023224,2.3818182945251465
4.380000114440918,0.45313742756843567,-0.04159999638795853,-0.18000000715255737,2.563636302947998
4.389999866485596,0.48043498396873474,-0.04320000112056732,-0.1599999964237213,2.5999999046325684
4.400000095367432,0.49863332509994507,-0.04439999908208847,-0.12000000476837158,2.581818103790283
4.409999847412109,0.5077325105667114,-0.04540000110864639,-0.10000000149011612,2.5999999046325684
4.420000076293945,0.5168316960334778,-0.04619999974966049,-0.07999999821186066,2.654545545578003
4.429999828338623,0.5350300669670105,-0.04659999534487724,-0.03999999910593033,2.7454545497894287
4.440000057220459,0.5259308815002441,-0.04679999500513077,-0.019999999552965164,2.8545453548431396
4.449999809265137,0.5259308815002441,-0.046799998730421066,-1.0302869668521453e-13,2.872727394104004
4.460000038146973,0.5168316960334778,-0.046400003135204315,0.03999999910593033,2.909090995788574
4.46999979019165,0.5168316960334778,-0.04580000042915344,0.06000000238418579,2.9636363983154297
4.480000019073486,0.5077325105667114,-0.04479999840259552,0.10000000149011612,2.8363635540008545
4.489999771118164,0.4895341694355011,-0.04340000078082085,0.14000000059604645,2.745454788208008
4.5,0.4713357985019684,-0.04179999977350235,0.1599999964237213,2.6000001430511475
4.510000228881836,0.462236613035202,-0.03999999910593033,0.17999999225139618,2.4000000953674316
4.519999980926514,0.4440382421016693,-0.037800002843141556,0.2199999988079071,2.1636364459991455
4.53000020980835,0.4167407155036926,-0.035599999129772186,0.2199999988079071,2
4.539999961853027,0.38944315910339355,-0.03319999948143959,0.24000000953674316,1.8181819915771484
4.550000190734863,0.3530464470386505,-0.03060000017285347,0.25999999046325684,1.7454545497894287
4.559999942779541,0.3348480761051178,-0.027799999341368675,0.2800000309944153,1.600000023841858
4.570000171661377,0.3075505495071411,-0.02500000037252903,0.2800000309944153,1.4909089803695679
4.579999923706055,0.2620546221733093,-0.021800000220537186,0.3199999928474426,1.345454454421997
4.590000152587891,0.21655872464179993,-0.01860000006854534,0.320000022649765,1.1818182468414307
4.599999904632568,0.1983603686094284,-0.015200001187622547,0.3399999737739563,0.9090908765792847
4.610000133514404,0.14376527070999146,-0.011799999512732029,0.3400000035762787,0.6545454263687134
4.619999885559082,0.09826937317848206,-0.00819999910891056,0.36000001430511475,0.4363636076450348
4.630000114440918,0.06187264993786812,-0.004799999762326479,0.3400000035762787,0.16363635659217834
4.639999866485596,0.01637674868106842,-0.0012000000569969416,0.36000001430511475,-0.036363646388053894
4.650000095367432,-0.020019976422190666,0.002199999988079071,0.3400000035762787,-0.3272727429866791
4.659999847412109,-0.06551587581634521,0.00559999980032444,0.3400000035762787,-0.4909090995788574
4.670000076293945,-0.10191260278224945,0.009000000543892384,0.3399999737739563,-0.800000011920929
4.679999828338623,-0.1383093297481537,0.012399999424815178,0.3400000035762787,-0.9272727966308594
4.690000057220459,-0.18380522727966309,0.015600000508129597,0.3199999928474426,-1.1636364459991455
4.699999809265137,-0.21110276877880096,0.018599998205900192,0.30000001192092896,-1.2909091711044312
4.710000038146973,-0.2474994957447052,0.02160000056028366,0.30000001192092896,-1.490909218788147
4.71999979019165,-0.2747970521450043,0.02419999986886978,0.2600000202655792,-1.6545454263687134
4.730000019073486,-0.30209457874298096,0.02680000104010105,0.25999999046325684,-1.8545453548431396
4.739999771118164,-0.32029294967651367,0.029199998825788498,0.24000000953674316,-1.9636363983154297
4.75,-0.3566896617412567,0.03140000253915787,0.2199999988079071,-2.0727272033691406
4.760000228881836,-0.3839872181415558,0.033399999141693115,0.20000000298023224,-2.2727272510528564
4.769999980926514,-0.41128474473953247,0.03519999980926514,0.18000000715255737,-2.345454692840576
4.78000020980835,-0.42038393020629883,0.03660000115633011,0.14000001549720764,-2.4909090995788574
4.789999961853027,-0.43858230113983154,0.037800002843141556,0.12000000476837158,-2.5090909004211426
4.800000190734863,-0.4476814866065979,0.03880000114440918,0.10000000149011612,-2.4909090995788574
4.809999942779541,-0.45678067207336426,0.039400000125169754,0.06000000238418579,-2.436363697052002
4.820000171661377,-0.45678067207336426,0.039799999445676804,0.03999999910593033,-2.345454454421997
4.829999923706055,-0.4658798277378082,0.03999999910593033,0.019999999552965164,-2.3090908527374268
4.840000152587891,-0.45678067207336426,0.03999999910593033,1.1901590823981678e-13,-2.418181896209717
4.849999904632568,-0.4749790132045746,0.039799999445676804,-0.019999999552965164,-2.4727272987365723
4.860000133514404,-0.45678067207336426,0.039400000125169754,-0.03999999910593033,-2.4727272987365723
4.869999885559082,-0.4476814866065979,0.03880000114440918,-0.06000000238418579,-2.5272727012634277
4.880000114440918,-0.4476814866065979,0.03779999911785126,-0.10000000149011612,-2.545454502105713
4.889999866485596,-0.43858230113983154,0.036400001496076584,-0.14000000059604645,-2.5272727012634277
4.900000095367432,-0.41128474473953247,0.03480000048875809,-0.1599999964237213,-2.3818182945251465
4.909999847412109,-0.39308640360832214,0.032999999821186066,-0.17999999225139618,-2.218181848526001
4.920000076293945,-0.37488803267478943,0.03099999949336052,-0.20000000298023224,-2.0363636016845703
4.929999828338623,-0.3566896617412567,0.02879999950528145,-0.2199999988079071,-1.7454545497894287
4.940000057220459,-0.32029294967651367,0.026399999856948853,-0.24000000953674316,-1.4727271795272827
4.949999809265137,-0.30209457874298096,0.024000000208616257,-0.24000000953674316,-1.345454454421997
4.960000038146973,-0.2656978666782379,0.021400000900030136,-0.25999999046325684,-1.1818181276321411
4.96999979019165,-0.23840032517910004,0.01860000193119049,-0.2800000309944153,-1.0909091234207153
4.980000019073486,-0.19290441274642944,0.015800001099705696,-0.2800000309944153,-0.9818181991577148
4.989999771118164,-0.16560687124729156,0.012999999336898327,-0.2800000309944153,-0.8727272152900696
5,-0.12921014428138733,0.009999999776482582,-0.30000001192092896,-0.7818180918693542
5.010000228881836,-0.10191260278224945,0.007000000216066837,-0.30000001192092896,-0.6181818246841431
5.019999980926514,-0.056416697800159454,0.003800000296905637,-0.3199999928474426,-0.4000000059604645
5.03000020980835,-0.020019976422190666,0.000599999912083149,-0.320000022649765,-0.2545454502105713
5.039999961853027,0.01637674868106842,-0.002599999774247408,-0.3199999928474426,-1.6277534875541733e-12
5.050000190734863,0.05277347192168236,-0.005799999926239252,-0.3199999928474426,0.34545454382896423
5.059999942779541,0.08007100969552994,-0.008999999612569809,-0.3199999928474426,0.5636364221572876
5.070000171661377,0.11646773666143417,-0.012000000104308128,-0.30000001192092896,0.836363673210144
5.079999923706055,0.1528644561767578,-0.014999998733401299,-0.30000001192092896,1.0363636016845703
5.090000152587891,0.1983603686094284,-0.017799999564886093,-0.2800000309944153,1.2363636493682861
5.099999904632568,0.21655872464179993,-0.020399998873472214,-0.2600000202655792,1.327272653579712
5.110000133514404,0.25295546650886536,-0.022999998182058334,-0.25999999046325684,1.4909090995788574
5.119999885559082,0.28025299310684204,-0.02540000155568123,-0.24000000953674316,1.600000023841858
5.130000114440918,0.29845136404037476,-0.0276000015437603,-0.2199999988079071,1.7454545497894287
5.139999866485596,0.3348480761051178,-0.029600000008940697,-0.20000000298023224,1.8181819915771484
5.150000095367432,0.3530464470386505,-0.03160000219941139,-0.20000000298023224,1.9090907573699951
5.159999847412109,0.37124478816986084,-0.03319999948143959,-0.1599999964237213,2.018181800842285
5.170000076293945,0.3803439736366272,-0.034599997103214264,-0.14000001549720764,2.0363636016845703
5.179999828338623,0.40764153003692627,-0.03580000251531601,-0.12000000476837158,2.0545454025268555
5.190000057220459,0.4167407155036926,-0.03680000081658363,-0.10000000149011612,2.0727272033691406
5.199999809265137,0.4167407155036926,-0.03760000318288803,-0.07999999821186066,2.1818180084228516
5.210000038146973,0.425839900970459,-0.038200002163648605,-0.06000000238418579,2.1636362075805664
5.21999979019165,0.43493908643722534,-0.038600001484155655,-0.03999999910593033,2.218181848526001
5.230000019073486,0.43493908643722534,-0.03880000114440918,-0.019999999552965164,2.345454454421997
5.239999771118164,0.43493908643722534,-0.03880000114440918,-1.3677947663381929e-13,2.436363697052002
5.25,0.43493908643722534,-0.03840000182390213,0.03999999910593033,2.4909090995788574
5.260000228881836,0.425839900970459,-0.03779999911785126,0.06000000238418579,2.418181896209717
5.269999980926514,0.4167407155036926,-0.03700000047683716,0.07999999821186066,2.418181896209717
5.28000020980835,0.4167407155036926,-0.03579999879002571,0.12000000476837158,2.2909090518951416
5.289999961853027,0.3985423445701599,-0.03440000116825104,0.14000000059604645,2.1454546451568604
5.300000190734863,0.3803439736366272,-0.03279999643564224,0.1599999964237213,1.890909194946289
5.309999942779541,0.36214563250541687,-0.031200001016259193,0.1599999964237213,1.8363635540008545
5.320000171661377,0.3348480761051178,-0.029199998825788498,0.20000000298023224,1.6909090280532837
5.329999923706055,0.32574889063835144,-0.02719999849796295,0.20000000298023224,1.4727272987365723
5.340000152587891,0.29845136404037476,-0.02500000037252903,0.2199999988079071,1.3090908527374268
5.349999904632568,0.2711538076400757,-0.02280000038444996,0.2199999988079071,1.218181848526001
5.360000133514404,0.243856281042099,-0.020200001075863838,0.25999999046325684,1.1090909242630005
5.369999885559082,0.22565791010856628,-0.01759999990463257,0.25999999046325684,0.8909090757369995
5.380000114440918,0.18926118314266205,-0.014999998733401299,0.2600000202655792,0.8727272152900696
5.389999866485596,0.16196364164352417,-0.012399999424815178,0.25999999046325684,0.7636364102363586
5.400000095367432,0.12556691467761993,-0.009600000455975533,0.2800000309944153,0.5818182229995728
5.409999847412109,0.08007100969552994,-0.006799999624490738,0.2800000309944153,0.3454545736312866
5.420000076293945,0.05277347192168236,-0.004000000189989805,0.2800000309944153,0.18181820213794708
5.429999828338623,0.007277567870914936,-0.0009999999310821295,0.30000001192092896,0.018181800842285156
5.440000057220459,-0.010920793749392033,0.001999999862164259,0.30000001192092896,-0.23636364936828613
5.449999809265137,-0.047317516058683395,0.004800000227987766,0.2800000309944153,-0.47272729873657227
5.460000038146973,-0.08371423929929733,0.007600000593811274,0.2800000309944153,-0.6727272868156433
5.46999979019165,-0.10191260278224945,0.010199999436736107,0.2600000202655792,-0.8181818127632141
5.480000019073486,-0.14740851521492004,0.012799998745322227,0.25999999046325684,-1.0909091234207153
5.489999771118164,-0.17470604181289673,0.015199999324977398,0.24000000953674316,-1.2545454502105713
5.5,-0.2020035982131958,0.01759999990463257,0.24000000953674316,-1.2909090518951416
5.510000228881836,-0.22020195424556732,0.01980000175535679,0.2199999988079071,-1.3999998569488525
5.519999980926514,-0.2474994957447052,0.02199999988079071,0.2199999988079071,-1.563636302947998
5.53000020980835,-0.2656978666782379,0.023800000548362732,0.18000000715255737,-1.6727272272109985
5.539999961853027,-0.2929953932762146,0.02540000155568123,0.1600000113248825,-1.727272629737854
5.550000190734863,-0.3111937642097473,0.027000000700354576,0.1599999964237213,-1.9090907573699951
5.559999942779541,-0.32029294967651367,0.0284000001847744,0.14000001549720764,-2
5.570000171661377,-0.338491290807724,0.029400000348687172,0.10000000149011612,-2
5.579999923706055,-0.34759047627449036,0.030400002375245094,0.10000000149011612,-1.9090907573699951
5.590000152587891,-0.34759047627449036,0.031200001016259193,0.07999999821186066,-1.9272727966308594
5.599999904632568,-0.36578884720802307,0.03160000219941139,0.03999999910593033,-1.9636363983154297
5.610000133514404,-0.37488803267478943,0.03180000185966492,0.019999999552965164,-1.9090909957885742
5.619999885559082,-0.36578884720802307,0.03200000151991844,0.019999999552965164,-1.8545455932617188
5.630000114440918,-0.36578884720802307,0.03200000151991844,1.5276668818842154e-13,-2
5.639999866485596,-0.37488803267478943,0.03180000185966492,-0.019999999552965164,-1.9454545974731445
5.650000095367432,-0.36578884720802307,0.03140000253915787,-0.03999999910593033,-1.890909194946289
5.659999847412109,-0.3566896617412567,0.030799999833106995,-0.06000000238418579,-1.9454545974731445
5.670000076293945,-0.3566896617412567,0.030000001192092896,-0.07999999821186066,-2.018181800842285
5.679999828338623,-0.34759047627449036,0.02879999950528145,-0.12000000476837158,-1.9090909957885742
5.690000057220459,-0.32939213514328003,0.02759999968111515,-0.12000000476837158,-1.9090909957885742
5.699999809265137,-0.3111937642097473,0.026200000196695328,-0.14000000059604645,-1.8181819915771484
5.710000038146973,-0.2929953932762146,0.02460000105202198,-0.1599999964237213,-1.7454545497894287
5.71999979019165,-0.28389620780944824,0.02280000038444996,-0.17999999225139618,-1.600000023841858
5.730000019073486,-0.2474994957447052,0.021000001579523087,-0.17999999225139618,-1.399999976158142
5.739999771118164,-0.23840032517910004,0.018799999728798866,-0.2199999988079071,-1.2727272510528564
5.75,-0.21110276877880096,0.016600001603364944,-0.2199999988079071,-1.0363637208938599
5.760000228881836,-0.18380522727966309,0.014199999161064625,-0.24000000953674316,-0.800000011920929
5.769999980926514,-0.16560687124729156,0.011800000444054604,-0.24000000953674316,-0.5818182229995728
5.78000020980835,-0.1383093297481537,0.009399999864399433,-0.24000000953674316,-0.4909090995788574
5.789999961853027,-0.10191260278224945,0.007000000216066837,-0.24000000953674316,-0.23636364936828613
5.800000190734863,-0.07461506128311157,0.004599999636411667,-0.24000000953674316,-0.23636364936828613
5.809999942779541,-0.047317516058683395,0.002199999988079071,-0.24000000953674316,-0.1090908944606781
5.820000171661377,-0.020019974559545517,-0.00019999989308416843,-0.24000000953674316,-0.0727272778749466
5.829999923706055,0.01637674868106842,-0.0028000001329928637,-0.25999999046325684,0.05454544723033905
5.840000152587891,0.05277347192168236,-0.005199999548494816,-0.24000000953674316,0.16363637149333954
5.849999904632568,0.08007100969552994,-0.007799999322742224,-0.25999999046325684,0.34545454382896423
5.860000133514404,0.09826937317848206,-0.010199999436736107,-0.24000000953674316,0.5818182229995728
5.869999885559082,0.12556691467761993,-0.012600000016391277,-0.24000000953674316,0.7636364102363586
5.880000114440918,0.16196364164352417,-0.014800000004470348,-0.2199999988079071,0.9818181991577148
5.889999866485596,0.18926118314266205,-0.017000000923871994,-0.2199999988079071,1.1090909242630005
5.900000095367432,0.20745953917503357,-0.01899999938905239,-0.20000000298023224,1.327272653579712
5.909999847412109,0.22565791010856628,-0.020800000056624413,-0.18000000715255737,1.3272727727890015
5.920000076293945,0.23475709557533264,-0.022599998861551285,-0.18000000715255737,1.490909218788147
5.929999828338623,0.2620546221733093,-0.02420000173151493,-0.1599999964237213,1.5090909004211426
5.940000057220459,0.28025299310684204,-0.025600001215934753,-0.14000001549720764,1.5818182229995728
5.949999809265137,0.29845136404037476,-0.02680000104010105,-0.12000000476837158,1.600000023841858
5.960000038146973,0.3075505495071411,-0.02800000086426735,-0.12000000476837158,1.654545545578003
5.96999979019165,0.32574889063835144,-0.02879999950528145,-0.07999999821186066,1.6545454263687134
5.980000019073486,0.3348480761051178,-0.029600000008940697,-0.07999999821186066,1.6909091472625732
5.989999771118164,0.32574889063835144,-0.03020000085234642,-0.06000000238418579,1.7454545497894287
6,0.34394726157188416,-0.03060000017285347,-0.03999999910593033,1.8181817531585693
6.010000228881836,0.34394726157188416,-0.030799999833106995,-0.019999999552965164,1.8181817531585693
6.019999980926514,0.34394726157188416,-0.03099999949336052,-0.019999999552965164,1.8363635540008545
6.03000020980835,0.3348480761051178,-0.030799999833106995,0.019999999552965164,1.8727271556854248
6.039999961853027,0.34394726157188416,-0.030399998649954796,0.03999999910593033,1.8363635540008545
6.050000190734863,0.3348480761051178,-0.02980000153183937,0.06000000238418579,1.8181819915771484
6.059999942779541,0.3348480761051178,-0.029199998825788498,0.06000000238418579,1.8181817531585693
6.070000171661377,0.32574889063835144,-0.028200000524520874,0.10000000149011612,1.7454545497894287
6.079999923706055,0.3075505495071411,-0.02720000222325325,0.10000000149011612,1.600000023841858
6.090000152587891,0.28025299310684204,-0.025999998673796654,0.12000000476837158,1.4909089803695679
6.099999904632568,0.28025299310684204,-0.02460000105202198,0.14000000059604645,1.345454454421997
6.110000133514404,0.2620546221733093,-0.022999998182058334,0.1599999964237213,1.2727272510528564
6.119999885559082,0.25295546650886536,-0.021400000900030136,0.1599999964237213,1.1636364459991455
6.130000114440918,0.22565791010856628,-0.019600000232458115,0.17999999225139618,1.1272727251052856
6.139999866485596,0.21655872464179993,-0.017799999564886093,0.17999999225139618,0.9818181991577148
6.150000095367432,0.18926118314266205,-0.01599999889731407,0.17999999225139618,0.9272726774215698
6.159999847412109,0.17106282711029053,-0.014000000432133675,0.20000000298023224,0.8727272748947144
6.170000076293945,0.1346661001443863,-0.011800000444054604,0.2199999988079071,0.7454545497894287
6.179999828338623,0.12556691467761993,-0.009599999524652958,0.2199999988079071,0.5636363625526428
6.190000057220459,0.0891701951622963,-0.007399999536573887,0.2199999988079071,0.4363636374473572
6.199999809265137,0.06187264993786812,-0.004999999888241291,0.24000000953674316,0.1818181872367859
6.210000038146973,0.0436742901802063,-0.0026000000070780516,0.24000000953674316,-0.09090910851955414
6.21999979019165,0.007277567870914936,-0.00039999978616833687,0.2199999988079071,-0.27272728085517883
6.230000019073486,-0.020019974559545517,0.0018000002019107342,0.2199999988079071,-0.34545454382896423
6.239999771118164,-0.029119156301021576,0.003999999724328518,0.2199999988079071,-0.4909090995788574
6.25,-0.056416697800159454,0.006000000052154064,0.20000000298023224,-0.6000000238418579
6.260000228881836,-0.08371423929929733,0.007999999448657036,0.20000000298023224,-0.6545454263687134
6.269999980926514,-0.12011096626520157,0.009999999776482582,0.20000000298023224,-0.7272727489471436
6.28000020980835,-0.1383093297481537,0.012000000104308128,0.20000000298023224,-0.9090908765792847
6.289999961853027,-0.1565076857805252,0.01380000077188015,0.18000000715255737,-1
6.300000190734863,-0.18380522727966309,0.015600000508129597,0.18000000715255737,-1.0909090042114258
6.309999942779541,-0.19290441274642944,0.01719999872148037,0.1599999964237213,-1.2727272510528564
6.320000171661377,-0.21110276877880096,0.018599998205900192,0.14000001549720764,-1.436363697052002
6.329999923706055,-0.22930113971233368,0.01979999989271164,0.12000000476837158,-1.5636364221572876
6.340000152587891,-0.22930113971233368,0.020999999716877937,0.12000000476837158,-1.6363637447357178
6.349999904632568,-0.25659868121147156,0.02199999988079071,0.10000000149011612,-1.7454545497894287
6.360000133514404,-0.25659868121147156,0.022800002247095108,0.07999999821186066,-1.6909091472625732
6.369999885559082,-0.2747970521450043,0.02340000309050083,0.06000000238418579,-1.5818182229995728
6.380000114440918,-0.28389620780944824,0.023800000548362732,0.03999999910593033,-1.4363635778427124
6.389999866485596,-0.28389620780944824,0.024000000208616257,0.019999999552965164,-1.3636363744735718
6.400000095367432,-0.28389620780944824,0.024000000208616257,1.865174681370263e-13,-1.2545454502105713
6.409999847412109,-0.2747970521450043,0.024000000208616257,0,-1.2000000476837158
6.420000076293945,-0.28389620780944824,0.024000000208616257,0,-1.2000000476837158
6.429999828338623,-0.2747970521450043,0.024000000208616257,0,-1.2545454502105713
6.440000057220459,-0.2747970521450043,0.023800000548362732,-0.019999999552965164,-1.3636363744735718
6.449999809265137,-0.2747970521450043,0.023399999365210533,-0.03999999910593033,-1.436363697052002
6.460000038146973,-0.25659868121147156,0.02280000038444996,-0.06000000238418579,-1.5818182229995728
6.46999979019165,-0.25659868121147156,0.02199999988079071,-0.07999999821186066,-1.6909091472625732
6.480000019073486,-0.2474994957447052,0.020999999716877937,-0.10000000149011612,-1.7454545497894287
6.489999771118164,-0.22930113971233368,0.01979999803006649,-0.12000000476837158,-1.5454546213150024
6.5,-0.22020195424556732,0.01860000193119049,-0.12000000476837158,-1.4000000953674316
6.510000228881836,-0.2020035982131958,0.01719999872148037,-0.14000000059604645,-1.218181848526001
6.519999980926514,-0.18380522727966309,0.015600000508129597,-0.1599999964237213,-1.0181819200515747
6.53000020980835,-0.17470604181289673,0.013799999840557575,-0.17999999225139618,-0.8181818127632141
6.539999961853027,-0.16560687124729156,0.012199999764561653,-0.1599999964237213,-0.7272728085517883
6.550000190734863,-0.1383093297481537,0.010399999096989632,-0.18000000715255737,-0.6545454859733582
6.559999942779541,-0.12011096626520157,0.008599999360740185,-0.17999999225139618,-0.5090909600257874
6.570000171661377,-0.09281342476606369,0.006799999624490738,-0.17999999225139618,-0.4000000059604645
6.579999923706055,-0.08371423929929733,0.004999999888241291,-0.17999999225139618,-0.2545454502105713
6.590000152587891,-0.056416697800159454,0.003000000026077032,-0.20000000298023224,-0.20000000298023224
6.599999904632568,-0.029119156301021576,0.0009999999310821295,-0.20000000298023224,-0.036363646388053894
6.610000133514404,-0.010920793749392033,-0.0009999999310821295,-0.20000000298023224,0.12727271020412445
6.619999885559082,0.01637674868106842,-0.003000000026077032,-0.20000000298023224,0.27272728085517883
6.630000114440918,0.0436742901802063,-0.004800000227987766,-0.18000000715255737,0.4000000059604645
6.639999866485596,0.06187264993786812,-0.006599999964237213,-0.18000000715255737,0.5090909004211426
6.650000095367432,0.08007100969552994,-0.00839999970048666,-0.17999999225139618,0.5818182229995728
6.659999847412109,0.10736855864524841,-0.009999999776482582,-0.1599999964237213,0.6000000238418579
6.670000076293945,0.11646773666143417,-0.011599999852478504,-0.1599999964237213,0.6545454263687134
6.679999828338623,0.14376528561115265,-0.013199999928474426,-0.1599999964237213,0.6363636255264282
6.690000057220459,0.16196364164352417,-0.014800000004470348,-0.1599999964237213,0.8363636136054993
6.699999809265137,0.17106282711029053,-0.016200000420212746,-0.14000001549720764,0.945454478263855
6.710000038146973,0.18016201257705688,-0.01759999990463257,-0.14000001549720764,1.0545454025268555
6.71999979019165,0.1983603686094284,-0.018799999728798866,-0.12000000476837158,1.2545454502105713
6.730000019073486,0.21655872464179993,-0.019999999552965164,-0.12000000476837158,1.4363635778427124
6.739999771118164,0.21655872464179993,-0.020799998193979263,-0.07999999821186066,1.4909089803695679
6.75,0.23475709557533264,-0.02160000056028366,-0.07999999821186066,1.509090781211853
6.760000228881836,0.243856281042099,-0.022199999541044235,-0.06000000238418579,1.4909089803695679
6.769999980926514,0.25295546650886536,-0.022600000724196434,-0.03999999910593033,1.345454454421997
6.78000020980835,0.243856281042099,-0.022800002247095108,-0.019999999552965164,1.2727272510528564
6.789999961853027,0.25295546650886536,-0.023000000044703484,-0.019999999552965164,1.0727272033691406
6.800000190734863,0.2620546221733093,-0.023000000044703484,-2.0250467969162855e-13,1.0545454025268555
6.809999942779541,0.2620546221733093,-0.023000000044703484,0,1.0181818008422852
6.820000171661377,0.2620546221733093,-0.023000000044703484,0,1.0545454025268555
6.829999923706055,0.2620546221733093,-0.02280000038444996,0.019999999552965164,1.0727272033691406
6.840000152587891,0.25295546650886536,-0.022599998861551285,0.019999999552965164,1.2727272510528564
6.849999904632568,0.2620546221733093,-0.022199999541044235,0.03999999910593033,1.345454454421997
6.860000133514404,0.23475709557533264,-0.02159999869763851,0.06000000238418579,1.399999976158142
6.869999885559082,0.23475709557533264,-0.020799998193979263,0.07999999821186066,1.436363697052002
6.880000114440918,0.22565791010856628,-0.019999999552965164,0.07999999821186066,1.4363635778427124
6.889999866485596,0.20745953917503357,-0.018800001591444016,0.12000000476837158,1.3090908527374268
6.900000095367432,0.20745953917503357,-0.01759999990463257,0.12000000476837158,1.1636364459991455
6.909999847412109,0.18926118314266205,-0.01640000008046627,0.12000000476837158,1
6.920000076293945,0.17106282711029053,-0.015000000596046448,0.14000000059604645,0.836363673210144
6.929999828338623,0.16196364164352417,-0.013400000520050526,0.1599999964237213,0.6909090876579285
6.940000057220459,0.14376528561115265,-0.012000000104308128,0.14000001549720764,0.5636363625526428
6.949999809265137,0.12556691467761993,-0.010399999096989632,0.1599999964237213,0.47272729873657227
6.960000038146973,0.11646773666143417,-0.008799999952316284,0.1599999964237213,0.4363636374473572
6.96999979019165,0.0891701951622963,-0.007200000341981649,0.1599999964237213,0.2545454502105713
6.980000019073486,0.08007100969552994,-0.005600000265985727,0.1599999964237213,0.1454545557498932
6.989999771118164,0.06187264993786812,-0.003800000296905637,0.17999999225139618,0.0363636314868927
7,0.03457511216402054,-0.002199999988079071,0.1599999964237213,-0.0727272778749466
7.010000228881836,0.01637674868106842,-0.0004000000189989805,0.18000000715255737,-0.1818181723356247
7.019999980926514,-0.0018216134048998356,0.0012000000569969416,0.1599999964237213,-0.27272728085517883
7.03000020980835,-0.020019974559545517,0.0028000001329928637,0.1599999964237213,-0.4363636374473572
7.039999961853027,-0.038218338042497635,0.004200000315904617,0.14000001549720764,-0.5636363625526428
7.050000190734863,-0.056416697800159454,0.005799999926239252,0.1599999964237213,-0.6363636255264282
7.059999942779541,-0.07461506128311157,0.007199999876320362,0.14000001549720764,-0.7454545497894287
7.070000171661377,-0.09281342476606369,0.008599999360740185,0.14000001549720764,-0.6909090280532837
7.079999923706055,-0.11101178824901581,0.009800000116229057,0.12000000476837158,-0.7636362910270691
7.090000152587891,-0.12921014428138733,0.010999999940395355,0.12000000476837158,-0.7636363506317139
7.099999904632568,-0.1383093297481537,0.012000000104308128,0.10000000149011612,-0.8909090757369995
7.110000133514404,-0.1565076857805252,0.012999999336898327,0.10000000149011612,-0.9272726774215698
7.119999885559082,-0.16560687124729156,0.014000000432133675,0.10000000149011612,-1.0545454025268555
7.130000114440918,-0.16560687124729156,0.014800000004470348,0.07999999821186066,-1.0727272033691406
7.139999866485596,-0.18380522727966309,0.015600001439452171,0.07999999821186066,-1.1818180084228516
7.150000095367432,-0.19290441274642944,0.016200000420212746,0.06000000238418579,-1.1818181276321411
7.159999847412109,-0.18380522727966309,0.016600001603364944,0.03999999910593033,-1.1818182468414307
7.170000076293945,-0.2020035982131958,0.01680000126361847,0.019999999552965164,-1.0909090042114258
7.179999828338623,-0.21110276877880096,0.017000000923871994,0.019999999552965164,-0.9090908765792847
7.190000057220459,-0.2020035982131958,0.017000000923871994,2.2026824808563106e-13,-0.8363636136054993
7.199999809265137,-0.2020035982131958,0.017000000923871994,0,-0.7636363506317139
7.210000038146973,-0.2020035982131958,0.017000000923871994,0,-0.7818182110786438
7.21999979019165,-0.2020035982131958,0.017000000923871994,0,-0.8909090161323547
7.230000019073486,-0.2020035982131958,0.017000000923871994,0,-1.0909091234207153
7.239999771118164,-0.2020035982131958,0.01680000126361847,-0.019999999552965164,-1.1818182468414307
7.25,-0.18380522727966309,0.01640000008046627,-0.03999999910593033,-1.272727370262146
7.260000228881836,-0.17470604181289673,0.015800001099705696,-0.06000000238418579,-1.2727272510528564
7.269999980926514,-0.17470604181289673,0.015000000596046448,-0.07999999821186066,-1.2727272510528564
7.28000020980835,-0.16560687124729156,0.014000000432133675,-0.10000000149011612,-1.1636364459991455
7.289999961853027,-0.16560687124729156,0.012999999336898327,-0.10000000149011612,-0.9454545974731445
7.300000190734863,-0.1565076857805252,0.012000000104308128,-0.10000000149011612,-0.8181818127632141
7.309999942779541,-0.12921014428138733,0.01099999900907278,-0.10000000149011612,-0.6909090876579285
7.320000171661377,-0.12011096626520157,0.009800000116229057,-0.12000000476837158,-0.5818182229995728
7.329999923706055,-0.11101178824901581,0.00860000029206276,-0.12000000476837158,-0.5090909004211426
7.340000152587891,-0.09281342476606369,0.007400000002235174,-0.12000000476837158,-0.5818182229995728
7.349999904632568,-0.08371423929929733,0.006000000052154064,-0.14000000059604645,-0.5090909600257874
7.360000133514404,-0.056416697800159454,0.004600000102072954,-0.14000001549720764,-0.40000003576278687
7.369999885559082,-0.047317516058683395,0.003200000151991844,-0.14000000059604645,-0.2545454502105713
7.380000114440918,-0.029119156301021576,0.0017999999690800905,-0.14000001549720764,-0.1818181723356247
7.389999866485596,-0.020019974559545517,0.00019999989308416843,-0.1599999964237213,-2.083194727831028e-12
7.400000095367432,-0.0018216134048998356,-0.0012000000569969416,-0.14000001549720764,0.1818181723356247
7.409999847412109,0.007277567405253649,-0.0026000000070780516,-0.14000001549720764,0.2545454502105713
7.420000076293945,0.02547593042254448,-0.003999999724328518,-0.14000000059604645,0.4000000059604645
7.429999828338623,0.0436742901802063,-0.0054000006057322025,-0.14000001549720764,0.5090909004211426
7.440000057220459,0.06187264993786812,-0.006599999964237213,-0.12000000476837158,0.5818182229995728
7.449999809265137,0.08007100969552994,-0.007799999322742224,-0.12000000476837158,0.5090909600257874
7.460000038146973,0.0891701951622963,-0.009000000543892384,-0.12000000476837158,0.5818182229995728
7.46999979019165,0.10736855864524841,-0.010000000707805157,-0.10000000149011612,0.6909090876579285
7.480000019073486,0.12556691467761993,-0.010999999940395355,-0.10000000149011612,0.7272726893424988
7.489999771118164,0.12556691467761993,-0.012000000104308128,-0.10000000149011612,0.7818182110786438
7.5,0.12556691467761993,-0.012999999336898327,-0.10000000149011612,0.8545454144477844
7.510000228881836,0.1346661001443863,-0.013799999840557575,-0.07999999821186066,0.8545454740524292
7.519999980926514,0.16196364164352417,-0.014399999752640724,-0.06000000238418579,0.781818151473999
7.53000020980835,0.16196364164352417,-0.015000000596046448,-0.06000000238418579,0.8363636136054993
7.539999961853027,0.16196364164352417,-0.015399999916553497,-0.03999999910593033,0.8181818723678589
7.550000190734863,0.18016201257705688,-0.015799999237060547,-0.03999999910593033,0.8181818127632141
7.559999942779541,0.18016201257705688,-0.016200000420212746,-0.03999999910593033,0.8181818723678589
7.570000171661377,0.18016201257705688,-0.016600001603364944,-0.03999999910593033,0.8181818127632141
7.579999923706055,0.18926118314266205,-0.01680000126361847,-0.019999999552965164,0.8363636136054993
7.590000152587891,0.18926118314266205,-0.017000000923871994,-0.019999999552965164,0.8727272748947144
7.599999904632568,0.18016201257705688,-0.017000000923871994,-2.3803181647963356e-13,1.0181818008422852
7.610000133514404,0.18016201257705688,-0.01680000126361847,0.019999999552965164,1.0727273225784302
7.619999885559082,0.18016201257705688,-0.016600001603364944,0.019999999552965164,1.1272727251052856
7.630000114440918,0.18016201257705688,-0.01640000194311142,0.019999999552965164,1.0727272033691406
7.639999866485596,0.17106282711029053,-0.01600000075995922,0.03999999910593033,1.0181818008422852
7.650000095367432,0.17106282711029053,-0.015399999916553497,0.06000000238418579,0.8727272748947144
7.659999847412109,0.16196364164352417,-0.014800000004470348,0.06000000238418579,0.8363636136054993
7.670000076293945,0.1528644561767578,-0.014000000432133675,0.07999999821186066,0.8181818127632141
7.679999828338623,0.14376528561115265,-0.013199999928474426,0.07999999821186066,0.8181818127632141
7.690000057220459,0.12556691467761993,-0.012399999424815178,0.07999999821186066,0.7272726893424988
7.699999809265137,0.12556691467761993,-0.011599999852478504,0.07999999821186066,0.6545454263687134
7.710000038146973,0.12556691467761993,-0.010600000619888306,0.10000000149011612,0.5272727608680725
7.71999979019165,0.11646773666143417,-0.009600000455975533,0.10000000149011612,0.3636363446712494
7.730000019073486,0.09826937317848206,-0.00839999970048666,0.12000000476837158,0.3636363744735718
7.739999771118164,0.08007100969552994,-0.007199999876320362,0.12000000476837158,0.3272727429866791
7.75,0.08007100969552994,-0.006000000052154064,0.12000000476837158,0.2545454502105713
7.760000228881836,0.05277347192168236,-0.004999999888241291,0.10000000149011612,0.1454545557498932
7.769999980926514,0.05277347192168236,-0.004000000189989805,0.10000000149011612,0.1090909093618393
7.78000020980835,0.03457511216402054,-0.0028000001329928637,0.12000000476837158,-0.036363646388053894
7.789999961853027,0.02547593042254448,-0.001600000075995922,0.12000000476837158,-0.0727272778749466
7.800000190734863,0.01637674868106842,-0.0003999999025836587,0.12000000476837158,-0.09090909361839294
7.809999942779541,-0.0018216129392385483,0.0007999999797903001,0.12000000476837158,-0.09090909361839294
7.820000171661377,-0.010920793749392033,0.001999999862164259,0.12000000476837158,-0.27272728085517883
7.829999923706055,-0.029119156301021576,0.003000000026077032,0.10000000149011612,-0.4363636374473572
7.840000152587891,-0.038218338042497635,0.003999999724328518,0.10000000149011612,-0.5636363625526428
7.849999904632568,-0.047317516058683395,0.004999999888241291,0.10000000149011612,-0.6363636255264282
7.860000133514404,-0.056416697800159454,0.006000000052154064,0.10000000149011612,-0.7454545497894287
7.869999885559082,-0.07461506128311157,0.0068000005558133125,0.07999999821186066,-0.6909090280532837
7.880000114440918,-0.08371423929929733,0.007600000593811274,0.07999999821186066,-0.6727272272109985
7.889999866485596,-0.09281342476606369,0.008200000040233135,0.06000000238418579,-0.6909090876579285
7.900000095367432,-0.09281342476606369,0.008799999952316284,0.06000000238418579,-0.7454544901847839
7.909999847412109,-0.10191260278224945,0.009199999272823334,0.03999999910593033,-0.7272726893424988
7.920000076293945,-0.11101178824901581,0.009800000116229057,0.06000000238418579,-0.7272726893424988
7.929999828338623,-0.12011096626520157,0.010199999436736107,0.03999999910593033,-0.7454545497894287
7.940000057220459,-0.11101178824901581,0.010599999688565731,0.03999999910593033,-0.6909090280532837
7.949999809265137,-0.12011096626520157,0.010799999348819256,0.019999999552965164,-0.6727272272109985
7.960000038146973,-0.12921014428138733,0.010999999940395355,0.019999999552965164,-0.6000000238418579
7.96999979019165,-0.12921014428138733,0.010999999940395355,2.540190280342358e-13,-0.6727272868156433
7.980000019073486,-0.12921014428138733,0.010999999940395355,0,-0.5818182229995728
7.989999771118164,-0.12921014428138733,0.010999999940395355,0,-0.6181818246841431
8,-0.12921014428138733,0.010999999940395355,0,-0.5818182229995728
8.010000228881836,-0.12921014428138733,0.010999999940395355,0,-0.6727272272109985
8.020000457763672,-0.12921014428138733,0.010799999348819256,-0.019999999552965164,-0.6909090876579285
8.029999732971191,-0.11101178824901581,0.010599998757243156,-0.019999999552965164,-0.8363636136054993
8.039999961853027,-0.11101178824901581,0.010199999436736107,-0.03999999910593033,-0.9090908765792847
8.050000190734863,-0.11101178824901581,0.009800000116229057,-0.03999999910593033,-0.9090908765792847
8.0600004196167,-0.10191260278224945,0.009200000204145908,-0.06000000238418579,-0.8363636136054993
8.069999694824219,-0.10191260278224945,0.008599999360740185,-0.06000000238418579,-0.6909090876579285
8.079999923706055,-0.09281342476606369,0.007800000254064798,-0.07999999821186066,-0.5818182229995728
8.09000015258789,-0.09281342476606369,0.007000000216066837,-0.07999999821186066,-0.41818180680274963
8.100000381469727,-0.09281342476606369,0.006199999712407589,-0.07999999821186066,-0.4000000059604645
8.109999656677246,-0.06551587581634521,0.005399999674409628,-0.07999999821186066,-0.3272727429866791
8.119999885559082,-0.056416697800159454,0.004600000102072954,-0.07999999821186066,-0.3090909421443939
8.130000114440918,-0.047317516058683395,0.003800000296905637,-0.07999999821186066,-0.2545454502105713
8.140000343322754,-0.047317516058683395,0.003000000026077032,-0.07999999821186066,-0.1818181723356247
8.149999618530273,-0.029119156301021576,0.0020000000949949026,-0.10000000149011612,-0.1090909093618393
8.15999984741211,-0.020019974559545517,0.0009999999310821295,-0.10000000149011612,-0.0363636389374733
8.170000076293945,-0.010920793749392033,1.3145083979648753e-14,-0.10000000149011612,0.0363636389374733
8.180000305175781,-0.0018216134048998356,-0.0009999999310821295,-0.10000000149011612,0.1090909093618393
8.1899995803833,-0.0018216134048998356,-0.0017999999690800905,-0.07999999821186066,0.1818181872367859
8.199999809265137,0.01637674868106842,-0.0026000000070780516,-0.07999999821186066,0.2545454502105713
8.210000038146973,0.03457511216402054,-0.0034000002779066563,-0.07999999821186066,0.30909091234207153
8.220000267028809,0.03457511216402054,-0.00419999985024333,-0.07999999821186066,0.3272727429866791
8.229999542236328,0.0436742901802063,-0.004999999888241291,-0.07999999821186066,0.4000000059604645
8.239999771118164,0.05277347192168236,-0.005799999926239252,-0.07999999821186066,0.3272727429866791
8.25,0.06187264993786812,-0.006599999964237213,-0.07999999821186066,0.418181836605072
8.260000228881836,0.07097183167934418,-0.007200000341981649,-0.06000000238418579,0.3818182051181793
8.270000457763672,0.08007100969552994,-0.007800000254064798,-0.06000000238418579,0.41818180680274963
8.279999732971191,0.08007100969552994,-0.008200000040233135,-0.03999999910593033,0.418181836605072
8.289999961853027,0.0891701951622963,-0.008799999952316284,-0.06000000238418579,0.47272729873657227
8.300000190734863,0.10736855864524841,-0.009199999272823334,-0.03999999910593033,0.47272729873657227
8.3100004196167,0.09826937317848206,-0.009800000116229057,-0.06000000238418579,0.5090909004211426
8.319999694824219,0.10736855864524841,-0.010199999436736107,-0.03999999910593033,0.5818182229995728
8.329999923706055,0.10736855864524841,-0.010599999688565731,-0.03999999910593033,0.6000000238418579
8.34000015258789,0.10736855864524841,-0.010799999348819256,-0.019999999552965164,0.6727272272109985
8.350000381469727,0.10736855864524841,-0.010999999940395355,-0.019999999552965164,0.6000000238418579
8.359999656677246,0.10736855864524841,-0.010999999940395355,-2.7000623958883807e-13,0.6727272868156433
8.369999885559082,0.10736855864524841,-0.010999999940395355,0,0.5818182229995728
8.380000114440918,0.11646773666143417,-0.010999999940395355,0,0.6181818246841431
8.390000343322754,0.11646773666143417,-0.010999999940395355,0,0.5818182229995728
8.399999618530273,0.10736855864524841,-0.010999999940395355,0,0.6727272272109985
8.40999984741211,0.10736855864524841,-0.010799999348819256,0.019999999552965164,0.6000000238418579
8.420000076293945,0.10736855864524841,-0.010599998757243156,0.019999999552965164,0.6727272272109985
8.430000305175781,0.10736855864524841,-0.010199999436736107,0.03999999910593033,0.6909090876579285
8.4399995803833,0.0891701951622963,-0.009800000116229057,0.03999999910593033,0.6545454263687134
8.449999809265137,0.0891701951622963,-0.009200000204145908,0.06000000238418579,0.5636364221572876
8.460000038146973,0.0891701951622963,-0.008799999952316284,0.03999999910593033,0.5090909004211426
8.470000267028809,0.08007100969552994,-0.008200000040233135,0.06000000238418579,0.4000000059604645
8.479999542236328,0.08007100969552994,-0.007600000593811274,0.06000000238418579,0.2545454800128937
8.489999771118164,0.07097183167934418,-0.007000000681728125,0.06000000238418579,0.27272728085517883
8.5,0.07097183167934418,-0.006400000303983688,0.06000000238418579,0.16363635659217834
8.510000228881836,0.05277347192168236,-0.005600000265985727,0.07999999821186066,0.1454545557498932
8.520000457763672,0.05277347192168236,-0.005000000353902578,0.06000000238418579,0.1090909093618393
8.529999732971191,0.0436742901802063,-0.004400000441819429,0.06000000238418579,0.05454545468091965
8.539999961853027,0.0436742901802063,-0.0036000001709908247,0.07999999821186066,7.557635073318636e-13
8.550000190734863,0.03457511216402054,-0.003000000026077032,0.06000000238418579,0.0363636389374733
8.5600004196167,0.03457511216402054,-0.002400000113993883,0.06000000238418579,-0.0363636389374733
8.569999694824219,0.01637674868106842,-0.001600000075995922,0.07999999821186066,-5.103001354811454e-13
8.579999923706055,0.007277567870914936,-0.0010000000474974513,0.06000000238418579,-0.05454545468091965
8.59000015258789,0.007277567870914936,-0.0003999999607913196,0.06000000238418579,-0.1090909093618393
8.600000381469727,-0.010920793749392033,0.0004000000189989805,0.07999999821186066,-0.1454545557498932
8.609999656677246,-0.010920793749392033,0.0009999999310821295,0.06000000238418579,-0.2545454502105713
8.619999885559082,-0.020019974559545517,0.0015999998431652784,0.06000000238418579,-0.34545454382896423
8.630000114440918,-0.020019974559545517,0.002199999988079071,0.06000000238418579,-0.30909091234207153
8.640000343322754,-0.020019974559545517,0.0028000001329928637,0.06000000238418579,-0.4363636374473572
8.649999618530273,-0.038218338042497635,0.003200000151991844,0.03999999910593033,-0.5272727012634277
8.65999984741211,-0.038218338042497635,0.0036000001709908247,0.03999999910593033,-0.38181817531585693
8.670000076293945,-0.047317516058683395,0.003999999724328518,0.03999999910593033,-0.4000000059604645
8.680000305175781,-0.056416697800159454,0.004399999976158142,0.03999999910593033,-0.3818182051181793
8.6899995803833,-0.056416697800159454,0.004599999636411667,0.019999999552965164,-0.3272727429866791
8.699999809265137,-0.056416697800159454,0.004800000227987766,0.019999999552965164,-0.23636364936828613
8.710000038146973,-0.056416697800159454,0.005200000014156103,0.03999999910593033,-0.30909091234207153
8.720000267028809,-0.056416697800159454,0.005399999674409628,0.019999999552965164,-0.34545454382896423
8.729999542236328,-0.056416697800159454,0.005600000265985727,0.019999999552965164,-0.34545454382896423
8.739999771118164,-0.056416697800159454,0.005800000391900539,0.019999999552965164,-0.4000000059604645
8.75,-0.06551587581634521,0.006000000052154064,0.019999999552965164,-0.5090909004211426
8.760000228881836,-0.06551587581634521,0.006000000052154064,2.877698079828406e-13,-0.5818182229995728
8.770000457763672,-0.07461506128311157,0.006000000052154064,0,-0.5090909600257874
8.779999732971191,-0.07461506128311157,0.006000000052154064,0,-0.4909090995788574
8.789999961853027,-0.06551587581634521,0.005799999926239252,-0.019999999552965164,-0.4363636374473572
8.800000190734863,-0.06551587581634521,0.005599999334663153,-0.019999999552965164,-0.34545454382896423
8.8100004196167,-0.056416697800159454,0.005399999674409628,-0.019999999552965164,-0.30909091234207153
8.819999694824219,-0.056416697800159454,0.005199999548494816,-0.019999999552965164,-0.3272727429866791
8.829999923706055,-0.056416697800159454,0.004999999888241291,-0.019999999552965164,-0.4000000059604645
8.84000015258789,-0.056416697800159454,0.004800000227987766,-0.019999999552965164,-0.3272727429866791
8.850000381469727,-0.056416697800159454,0.004600000102072954,-0.019999999552965164,-0.418181836605072
8.859999656677246,-0.038218338042497635,0.004200000315904617,-0.03999999910593033,-0.3818182051181793
8.869999885559082,-0.038218338042497635,0.003800000296905637,-0.03999999910593033,-0.41818180680274963
8.880000114440918,-0.029119156301021576,0.003200000151991844,-0.06000000238418579,-0.3272727429866791
8.890000343322754,-0.029119156301021576,0.0028000001329928637,-0.03999999910593033,-0.30909091234207153
8.899999618530273,-0.029119156301021576,0.0022000002209097147,-0.06000000238418579,-0.16363637149333954
8.90999984741211,-0.020019974559545517,0.0018000000854954123,-0.03999999910593033,-0.09090909361839294
8.920000076293945,-0.020019974559545517,0.0012000000569969416,-0.06000000238418579,-1.3403445020543359e-12
8.930000305175781,-0.020019974559545517,0.000800000037997961,-0.03999999910593033,-1.6148698385996287e-14
8.9399995803833,-0.010920793749392033,0.00020000000949949026,-0.06000000238418579,-3.229739677199257e-14
8.949999809265137,-0.0018216134048998356,-0.00020000000949949026,-0.03999999910593033,0.09090909361839294
8.960000038146973,-0.0018216134048998356,-0.000800000037997961,-0.06000000238418579,0.16363637149333954
8.970000267028809,0.01637674868106842,-0.0012000000569969416,-0.03999999910593033,0.2181818187236786
8.979999542236328,0.01637674868106842,-0.0017999999690800905,-0.06000000238418579,0.2545454502105713
8.989999771118164,0.01637674868106842,-0.002199999988079071,-0.03999999910593033,0.27272728085517883
9,0.01637674868106842,-0.0026000000070780516,-0.03999999910593033,0.1818181723356247
9.010000228881836,0.02547593042254448,-0.0028000001329928637,-0.019999999552965164,0.1818181872367859
9.020000457763672,0.03457511216402054,-0.003200000151991844,-0.03999999910593033,0.16363635659217834
9.029999732971191,0.02547593042254448,-0.0034000002779066563,-0.019999999552965164,0.2181818187236786
9.039999961853027,0.03457511216402054,-0.003800000296905637,-0.03999999910593033,0.23636364936828613
9.050000190734863,0.03457511216402054,-0.004199999384582043,-0.03999999910593033,0.2181818187236786
9.0600004196167,0.0436742901802063,-0.004599999636411667,-0.03999999910593033,0.1818181872367859
9.069999694824219,0.03457511216402054,-0.004800000227987766,-0.019999999552965164,0.23636361956596375
9.079999923706055,0.03457511216402054,-0.004999999888241291,-0.019999999552965164,0.1818181872367859
9.09000015258789,0.05277347192168236,-0.004999999888241291,-3.019806626980426e-13,0.2181818187236786
9.100000381469727,0.05277347192168236,-0.005200000014156103,-0.019999999552965164,0.23636364936828613
9.109999656677246,0.05277347192168236,-0.005399999674409628,-0.019999999552965164,0.2181818187236786
9.119999885559082,0.06187264993786812,-0.005600000265985727,-0.019999999552965164,0.16363635659217834
9.130000114440918,0.07097183167934418,-0.005800000391900539,-0.019999999552965164,0.1818181723356247
9.140000343322754,0.05277347192168236,-0.006000000052154064,-0.019999999552965164,0.1818181872367859
9.149999618530273,0.06187264993786812,-0.006000000052154064,-3.055333763768431e-13,0.27272728085517883
9.15999984741211,0.05277347192168236,-0.006000000052154064,0,0.2545454800128937
9.170000076293945,0.06187264993786812,-0.006000000052154064,0,0.30909091234207153
9.180000305175781,0.07097183167934418,-0.006000000052154064,0,0.3272727429866791
9.1899995803833,0.06187264993786812,-0.006000000052154064,0,0.30909091234207153
9.199999809265137,0.06187264993786812,-0.006000000052154064,0,0.34545454382896423
9.210000038146973,0.06187264993786812,-0.006000000052154064,0,0.4363636374473572
9.220000267028809,0.05277347192168236,-0.005799999926239252,0.019999999552965164,0.4000000059604645
9.229999542236328,0.05277347192168236,-0.005599999334663153,0.019999999552965164,0.34545454382896423
9.239999771118164,0.0436742901802063,-0.005399999674409628,0.019999999552965164,0.27272728085517883
9.25,0.05277347192168236,-0.004999999888241291,0.03999999910593033,0.1818181872367859
9.260000228881836,0.0436742901802063,-0.004600000102072954,0.03999999910593033,0.0727272778749466
9.270000457763672,0.03457511216402054,-0.004400000441819429,0.019999999552965164,-0.05454544723033905
9.279999732971191,0.03457511216402054,-0.004200000315904617,0.019999999552965164,-8.429645870222657e-13
9.289999961853027,0.03457510843873024,-0.004000000189989805,0.019999999552965164,0.0363636389374733
9.300000190734863,0.03457511216402054,-0.003800000296905637,0.019999999552965164,-0.0363636389374733
9.3100004196167,0.02547593042254448,-0.0036000001709908247,0.019999999552965164,-5.619740783835425e-13
9.319999694824219,0.03457511216402054,-0.0034000002779066563,0.019999999552965164,0.1454545557498932
9.329999923706055,0.03457511216402054,-0.003000000026077032,0.03999999910593033,0.09090909361839294
9.34000015258789,0.01637674868106842,-0.0026000000070780516,0.03999999910593033,0.0363636389374733
9.350000381469727,0.01637674868106842,-0.002400000113993883,0.019999999552965164,0.0727272778749466
9.359999656677246,0.01637674868106842,-0.0022000002209097147,0.019999999552965164,0.09090909361839294
9.369999885559082,0.01637674868106842,-0.0018000000854954123,0.03999999910593033,1.4210854715202004e-12
9.380000114440918,0.007277567870914936,-0.001600000075995922,0.019999999552965164,-0.09090909361839294
9.390000343322754,0.01637674868106842,-0.0014000001829117537,0.019999999552965164,-0.0727272778749466
9.399999618530273,0.01637674868106842,-0.0010000000474974513,0.03999999910593033,-0.12727272510528564
9.40999984741211,0.007277567870914936,-0.0006000000284984708,0.03999999910593033,-0.2545454800128937
9.420000076293945,-0.0018216134048998356,-0.0004000000189989805,0.019999999552965164,-0.3636363744735718
9.430000305175781,-0.0018216134048998356,-0.00020000000949949026,0.019999999552965164,-0.34545454382896423
9.4399995803833,-0.010920793749392033,-3.161913005728101e-15,0.019999999552965164,-0.4000000059604645
9.449999809265137,-0.010920793749392033,0,3.161915174132446e-13,-0.4363636374473572
9.460000038146973,-0.020019974559545517,0,0,-0.34545454382896423
9.470000267028809,-0.010920793749392033,0,0,-0.2181818187236786
9.479999542236328,-0.010920793749392033,0,0,-0.16363637149333954
9.489999771118164,-0.010920793749392033,0,0,-0.09090909361839294
9.5,-0.010920793749392033,0,0,-1.4533790837489846e-12
9.510000228881836,-0.010920793749392033,0,0,0
9.520000457763672,-0.010920793749392033,0,0,0
9.529999732971191,-0.020019974559545517,0,0,0
9.539999961853027,-0.020019974559545517,0,0,0
9.550000190734863,-0.020019974559545517,0,0,0
9.5600004196167,-0.020019974559545517,0,0,0
9.569999694824219,-0.010920793749392033,0,0,0
9.579999923706055,-0.010920793749392033,0,0,0
9.59000015258789,-0.010920793749392033,0,0,0
9.600000381469727,-0.010920793749392033,0,0,0
9.609999656677246,-0.020019974559545517,0,0,0
9.619999885559082,-0.010920793749392033,0,0,0
9.630000114440918,-0.010920793749392033,0,0,0
9.640000343322754,-0.010920793749392033,0,0,0
9.649999618530273,-0.0018216134048998356,0,0,0
9.65999984741211,-0.0018216134048998356,0,0,0
9.670000076293945,-0.010920793749392033,0,0,0
9.680000305175781,-0.0018216134048998356,0,0,0
9.6899995803833,-0.0018216134048998356,0,0,0
9.699999809265137,-0.0018216134048998356,0,0,0
9.710000038146973,-0.0018216134048998356,0,0,0
9.720000267028809,-0.0018216134048998356,0,0,0
9.729999542236328,-0.0018216134048998356,0,0,0
9.739999771118164,-0.0018216134048998356,0,0,0
9.75,-0.0018216134048998356,0,0,0
9.760000228881836,-0.010920793749392033,0,0,0
9.770000457763672,-0.0018216134048998356,0,0,0
9.779999732971191,0.007277567405253649,0,0,-0.09090909361839294
9.789999961853027,0.007277567870914936,0,0,-0.16363637149333954
9.800000190734863,-0.0018216134048998356,0,0,-0.2181818187236786
9.8100004196167,-0.0018216134048998356,0,0,-0.2545454502105713
9.819999694824219,0.007277567405253649,0,0,-0.27272728085517883
9.829999923706055,0.007277567405253649,-0.00020000000949949026,-0.019999999552965164,-0.1818181723356247
9.84000015258789,0.007277567870914936,-0.0004000000189989805,-0.019999999552965164,-0.09090909361839294
9.850000381469727,-0.0018216134048998356,-0.0006000000284984708,-0.019999999552965164,-1.517980185994361e-12
9.859999656677246,0.007277567870914936,-0.000800000037997961,-0.019999999552965164,0.09090909361839294
9.869999885559082,0.01637674868106842,-0.0010000000474974513,-0.019999999552965164,0.1818181872367859
9.880000114440918,-0.0018216134048998356,-0.0010000000474974513,-3.339550858072471e-13,0.27272728085517883
9.890000343322754,0.007277567405253649,-0.0010000000474974513,0,0.2545454800128937
9.899999618530273,-0.0018216134048998356,-0.0010000000474974513,0,0.2181818187236786
9.90999984741211,-0.0018216134048998356,-0.0010000000474974513,0,0.16363637149333954
9.920000076293945,0.01637674868106842,-0.0010000000474974513,0,0.09090909361839294
9.930000305175781,0.007277567405253649,-0.0010000000474974513,0,1.534133931002657e-12
9.9399995803833,0.01637674868106842,-0.0010000000474974513,0,0
9.949999809265137,0.007277567870914936,-0.0010000000474974513,0,0
9.960000038146973,0.01637674868106842,-0.0010000000474974513,0,0
9.970000267028809,0.007277567870914936,-0.0010000000474974513,0,0
9.979999542236328,0.01637674868106842,-0.0010000000474974513,0,0
9.989999771118164,0.01637674868106842,-0.0010000000474974513,0,0
10,0.01637674868106842,-0.0010000000474974513,0,0
10.010000228881836,0.01637674868106842,-0.0010000000474974513,0,0
10.020000457763672,0.01637674868106842,-0.0010000000474974513,0,0
10.029999732971191,0.01637674868106842,-0.0010000000474974513,0,0
10.039999961853027,0.007277567405253649,-0.0010000000474974513,0,0
10.050000190734863,0.01637674868106842,-0.0010000000474974513,0,0
10.0600004196167,0.01637674868106842,-0.0010000000474974513,0,0
10.069999694824219,0.01637674868106842,-0.0010000000474974513,0,0
10.079999923706055,0.01637674868106842,-0.0010000000474974513,0,0
10.09000015258789,0.007277567870914936,-0.0010000000474974513,0,0
10.100000381469727,0.01637674868106842,-0.0010000000474974513,0,0
10.109999656677246,0.007277567405253649,-0.0010000000474974513,0,0
10.119999885559082,0.007277567870914936,-0.0010000000474974513,0,0
10.130000114440918,0.01637674868106842,-0.0010000000474974513,0,0
10.140000343322754,0.007277567870914936,-0.0010000000474974513,0,0
10.149999618530273,0.01637674868106842,-0.0010000000474974513,0,0
10.15999984741211,0.007277567405253649,-0.0010000000474974513,0,0
10.170000076293945,0.007277567405253649,-0.0010000000474974513,0,0
10.180000305175781,0.007277567405253649,-0.0010000000474974513,0,0
10.1899995803833,0.007277567870914936,-0.0010000000474974513,0,0
10.199999809265137,0.007277567405253649,-0.0010000000474974513,0,0
10.210000038146973,0.007277567405253649,-0.0010000000474974513,0,0
10.220000267028809,0.01637674868106842,-0.0010000000474974513,0,0
10.229999542236328,-0.0018216134048998356,-0.0010000000474974513,0,0
10.239999771118164,0.01637674868106842,-0.0010000000474974513,0,0
10.25,-0.0018216134048998356,-0.0010000000474974513,0,0
10.260000228881836,0.007277567405253649,-0.0010000000474974513,0,0
10.270000457763672,0.007277567405253649,-0.0010000000474974513,0,0
10.279999732971191,0.01637674868106842,-0.0010000000474974513,0,0
10.289999961853027,0.007277567870914936,-0.0010000000474974513,0,0
10.300000190734863,0.007277567405253649,-0.0010000000474974513,0,0
10.3100004196167,0.01637674868106842,-0.0010000000474974513,0,0
10.319999694824219,0.01637674868106842,-0.0010000000474974513,0,0
10.329999923706055,0.01637674868106842,-0.0010000000474974513,0,0
10.34000015258789,0.007277567870914936,-0.0010000000474974513,0,0
10.350000381469727,-0.0018216134048998356,-0.0010000000474974513,0,0
10.359999656677246,0.01637674868106842,-0.0010000000474974513,0,0
10.369999885559082,0.007277567405253649,-0.0010000000474974513,0,0
10.380000114440918,0.02547593042254448,-0.0010000000474974513,0,0
10.390000343322754,0.01637674868106842,-0.0010000000474974513,0,0
10.399999618530273,0.007277567870914936,-0.0010000000474974513,0,0
10.40999984741211,-0.0018216134048998356,-0.0010000000474974513,0,0
10.420000076293945,0.007277567405253649,-0.0010000000474974513,0,0
10.430000305175781,0.007277567405253649,-0.0010000000474974513,0,0
10.4399995803833,-0.0018216134048998356,-0.0010000000474974513,0,0
10.449999809265137,-0.0018216134048998356,-0.0010000000474974513,0,0
10.460000038146973,-0.0018216134048998356,-0.0010000000474974513,0,0
10.470000267028809,0.007277567870914936,-0.0010000000474974513,0,0
10.479999542236328,-0.0018216134048998356,-0.0010000000474974513,0,0
10.489999771118164,-0.0018216134048998356,-0.0010000000474974513,0,0
10.5,-0.0018216134048998356,-0.0010000000474974513,0,0
10.510000228881836,0.01637674868106842,-0.0010000000474974513,0,0
10.520000457763672,0.01637674868106842,-0.0010000000474974513,0,0
