Time (s),Fᵧ (N),rᵧ (m)
0.009999999776482582,0.000011554515367606655,0
0.019999999552965164,0.01817525178194046,0
0.029999999329447746,0.000034663546102819964,0
0.03999999910593033,0.01819836162030697,0
0.05000000074505806,0.018140587955713272,0
0.05999999865889549,0,0
0.07000000029802322,0,0
0.07999999821186066,0.009185840375721455,0
0.09000000357627869,0.009000967256724834,0
0.10000000149011612,0,0
0.10999999940395355,0.009220503270626068,0
0.11999999731779099,0.01819835975766182,0
0.12999999523162842,0.009104957804083824,0
0.14000000059604645,0.01819836162030697,0
0.15000000596046448,0.008931640535593033,0
0.1599999964237213,0.00927827600389719,0
0.17000000178813934,0.01800193451344967,0
0.18000000715255737,0.009301384910941124,0
0.1899999976158142,0.008885422721505165,0
0.20000000298023224,0.0002310903073521331,0
0.20999999344348907,0.0179557166993618,0
0.2199999988079071,0.009093403816223145,0
0.23000000417232513,0,0
0.23999999463558197,0.009093403816223145,0
0.25,0.009093403816223145,0
0.25999999046325684,0,0
0.27000001072883606,0.00031197190401144326,0
0.2800000011920929,0.0087814312428236,0
0.28999999165534973,0,0
0.30000001192092896,0,0
0.3100000023841858,0.0003581899800337851,0
0.3199999928474426,0.009104957804083824,0
0.33000001311302185,0.008723659440875053,0
0.3400000035762787,0.00039285351522266865,0
0.3499999940395355,0.008700549602508545,0
0.36000001430511475,0.009093403816223145,0
0.3700000047683716,0,0
0.3799999952316284,0.009093403816223145,0
0.38999998569488525,0.00045062610297463834,0
0.4000000059604645,0.017736181616783142,0
0.4099999964237213,0.009093403816223145,0
0.41999998688697815,0.009093403816223145,0
0.4300000071525574,0,0
0.4399999976158142,0,0
0.44999998807907104,0.009093403816223145,0
0.46000000834465027,0.0005315077141858637,0
0.4699999988079071,0.008561896160244942,0
0.47999998927116394,0,0
0.49000000953674316,0,0
0.5,0,0
0.5099999904632568,0,0
0.5199999809265137,0,0
0.5299999713897705,0.009093403816223145,0
0.5400000214576721,0,0
0.550000011920929,0,0
0.5600000023841858,0,0
0.5699999928474426,0,0
0.5799999833106995,0,0
0.5899999737739563,0,0
0.6000000238418579,0.009093403816223145,0
0.6100000143051147,0,0
0.6200000047683716,0,0
0.6299999952316284,0,0
0.6399999856948853,0,0
0.6499999761581421,0.009093403816223145,0
0.6600000262260437,0.0007625980069860816,0
0.6700000166893005,0.009104957804083824,0
0.6800000071525574,0.008319251239299774,0
0.6899999976158142,0,0
0.699999988079071,0.000808816053904593,0
0.7099999785423279,0.01819836162030697,0
0.7200000286102295,0.01819836162030697,0
0.7300000190734863,0.008261478506028652,0
0.7400000095367432,0.009093403816223145,0
0.75,0.00995999202132225,0
0.7599999904632568,0.008226814679801464,0
0.7699999809265137,0,0
0.7799999713897705,0,0
0.7900000214576721,0.0009128067176789045,0
0.800000011920929,0.01819836162030697,0
0.8100000023841858,0.008169041946530342,0
0.8199999928474426,-0.010040873661637306,0
0.8299999833106995,-0.01819836162030697,0
0.8399999737739563,-0.01819836162030697,0
0.8500000238418579,-0.01918049529194832,0
0.8600000143051147,-0.027303321287035942,0
0.8700000047683716,-0.03639672324061394,0
0.8799999952316284,-0.04549012705683708,0
0.8899999856948853,-0.04754683002829552,0
0.8999999761581421,-0.06370004266500473,0
0.9100000262260437,-0.06264858692884445,0
0.9200000166893005,-0.054595086723566055,0
0.9300000071525574,-0.054595086723566055,0
0.9399999976158142,-0.05568121001124382,0
0.949999988079071,-0.07389112561941147,0
0.9599999785423279,-0.10119444876909256,0
0.9700000286102295,-0.12052515149116516,0
0.9800000190734863,-0.15581265091896057,0
0.9900000095367432,-0.17516645789146423,0
1,-0.21043084561824799,0
1.0099999904632568,-0.2195473611354828,0
1.0199999809265137,-0.24685066938400269,0
1.0299999713897705,-0.25477707386016846,0
1.0399999618530273,-0.2559787631034851,0
1.0499999523162842,-0.26388201117515564,0
1.059999942779541,-0.2729754149913788,0
1.0700000524520874,-0.26388201117515564,0
1.0800000429153442,-0.2729754149913788,0
1.090000033378601,-0.2729754149913788,0
1.100000023841858,-0.2820688486099243,0
1.1100000143051147,-0.2833513617515564,0
1.1200000047683716,-0.30026721954345703,0
1.1299999952316284,-0.2924794554710388,0.0000715642818249762
1.1399999856948853,-0.30805495381355286,0.00027219761977903545
1.149999976158142,-0.3015959858894348,0.00047283092862926424
1.159999966621399,-0.3107125163078308,0.0007469284464605153
1.1699999570846558,-0.32757052779197693,0.001148195005953312
1.1799999475479126,-0.3289339542388916,0.0014747309032827616
1.190000057220459,-0.3353005051612854,0.0016753642121329904
1.2000000476837158,-0.32895708084106445,0.001951994956471026
1.2100000381469727,-0.3366754651069641,0.002276630839332938
1.2200000286102295,-0.3548622727394104,0.0025545284152030945
1.2300000190734863,-0.34719008207321167,0.0030336924828588963
1.2400000095367432,-0.3653999865055084,0.003635592292994261
1.25,-0.3821656107902527,0.004237492103129625
1.2599999904632568,-0.3821656107902527,0.004839392378926277
1.2699999809265137,-0.39125901460647583,0.005441291723400354
1.2799999713897705,-0.3927379846572876,0.005962127819657326
1.2899999618530273,-0.41094788908958435,0.006445091683417559
1.2999999523162842,-0.4185623228549957,0.0070469919592142105
1.309999942779541,-0.4291693866252899,0.007648891303688288
1.3200000524520874,-0.43676069378852844,0.00825079157948494
1.3300000429153442,-0.43829745054244995,0.00885269045829773
1.340000033378601,-0.4443173408508301,0.009454591199755669
1.350000023841858,-0.4580672085285187,0.010056491941213608
1.3600000143051147,-0.4731574058532715,0.010658390820026398
1.3700000047683716,-0.47157442569732666,0.011260291561484337
1.3799999952316284,-0.47633489966392517,0.011949588544666767
1.3899999856948853,-0.4929618537425995,0.01266409084200859
1.399999976158142,-0.5004607439041138,0.013177326880395412
1.409999966621399,-0.5095541477203369,0.01366789173334837
1.4199999570846558,-0.5202882885932922,0.014269791543483734
1.4299999475479126,-0.5186591148376465,0.014781128615140915
1.440000057220459,-0.5277525186538696,0.015273591503500938
1.4500000476837158,-0.5385212898254395,0.015875492244958878
1.4600000381469727,-0.5459508299827576,0.016477391123771667
1.4700000286102295,-0.5459508299827576,0.016986194998025894
1.4800000190734863,-0.5459508299827576,0.017481191083788872
1.4900000095367432,-0.5584874749183655,0.01808308996260166
1.5,-0.580614447593689,0.01868498884141445
1.5099999904632568,-0.5749873518943787,0.01928688958287239
1.5199999809265137,-0.5841038823127747,0.019985053688287735
1.5299999713897705,-0.5987780690193176,0.020690688863396645
1.5399999618530273,-0.5932203531265259,0.021292591467499733
1.5499999523162842,-0.611430287361145,0.021992653608322144
1.559999942779541,-0.6296402215957642,0.022696390748023987
1.5700000524520874,-0.626035213470459,0.023298291489481926
1.5800000429153442,-0.6314889788627625,0.024000253528356552
1.590000033378601,-0.6460476517677307,0.024802785366773605
1.600000023841858,-0.6569897532463074,0.025503989309072495
1.6100000143051147,-0.6642460227012634,0.026207853108644485
1.6200000047683716,-0.6752112507820129,0.027010386809706688
1.6299999952316284,-0.6934211254119873,0.02781292051076889
1.6399999856948853,-0.6987477540969849,0.028511589393019676
1.649999976158142,-0.6934441924095154,0.02921798638999462
1.659999966621399,-0.7116541266441345,0.02991538867354393
1.6699999570846558,-0.7279344201087952,0.03051728941500187
1.6799999475479126,-0.7279344201087952,0.031119192019104958
1.690000057220459,-0.7279344797134399,0.0317210890352726
1.7000000476837158,-0.7298987507820129,0.03232299163937569
1.7100000381469727,-0.7461329102516174,0.032924894243478775
1.7200000286102295,-0.7481202483177185,0.033526789397001266
1.7300000190734863,-0.7643312215805054,0.034128688275814056
1.7400000095367432,-0.7754350900650024,0.034730590879917145
1.75,-0.780507504940033,0.035332489758729935
1.7599999904632568,-0.7754581570625305,0.036045849323272705
1.7699999809265137,-0.7936680912971497,0.03673628717660904
1.7799999713897705,-0.800727903842926,0.03722545877099037
1.7899999618530273,-0.800727903842926,0.03774008899927139
1.7999999523162842,-0.8119010925292969,0.03834198787808418
1.809999942779541,-0.8301110863685608,0.03894388675689697
1.8200000524520874,-0.8371246457099915,0.03966104984283447
1.8300000429153442,-0.8392391204833984,0.040463581681251526
1.840000033378601,-0.8574489951133728,0.04126611351966858
1.850000023841858,-0.8735213875770569,0.04206864908337593
1.8600000143051147,-0.8644279837608337,0.04275338724255562
1.8700000047683716,-0.8735213875770569,0.04335528984665871
1.8799999952316284,-0.8735213875770569,0.04407625272870064
1.8899999856948853,-0.88261479139328,0.04475908726453781
1.899999976158142,-0.8848101496696472,0.04524065926671028
1.909999966621399,-0.8939266800880432,0.045762889087200165
1.9199999570846558,-0.9121365547180176,0.04624319449067116
1.9299999475479126,-0.9258864521980286,0.046644456684589386
1.940000057220459,-0.9190114736557007,0.04704572632908821
1.9500000476837158,-0.9212645888328552,0.04744699224829674
1.9600000381469727,-0.9281164407730103,0.047848258167505264
1.9700000286102295,-0.9303926825523376,0.04837428405880928
1.9800000190734863,-0.946314811706543,0.04885078966617584
1.9900000095367432,-0.946314811706543,0.04925205931067467
2,-0.9486257433891296,0.0497799851000309
2.009999990463257,-0.9645131826400757,0.050254590809345245
2.0199999809265137,-0.9645131826400757,0.05065586045384407
2.0299999713897705,-0.9759521484375,0.0510571226477623
2.0399999618530273,-0.9827114939689636,0.05158758535981178
2.049999952316284,-0.9918049573898315,0.052059661597013474
2.059999942779541,-0.994185209274292,0.052591387182474136
2.069999933242798,-1.0009099245071411,0.05306218937039375
2.0799999237060547,-1.0057165622711182,0.05359518527984619
2.0899999141693115,-1.0282132625579834,0.05419708415865898
2.0999999046325684,-1.0373066663742065,0.05493198335170746
2.109999895095825,-1.0397447347640991,0.05573451146483421
2.119999885559082,-1.0555050373077393,0.056537043303251266
2.130000114440918,-1.0695207118988037,0.05733957886695862
2.140000104904175,-1.0894290208816528,0.05814211070537567
2.1500000953674316,-1.0877652168273926,0.05894464626908302
2.1600000858306885,-1.1101000308990479,0.059747181832790375
2.1700000762939453,-1.1101000308990479,0.060687143355607986
2.180000066757202,-1.121712327003479,0.0616903081536293
2.190000057220459,-1.130828857421875,0.06269347667694092
2.200000047683716,-1.1464967727661133,0.06369663774967194
2.2100000381469727,-1.1581437587738037,0.06455984711647034
2.2200000286102295,-1.164695143699646,0.06550297141075134
2.2300000190734863,-1.1672718524932861,0.06636491417884827
2.240000009536743,-1.1854816675186157,0.06716745346784592
2.25,-1.2010918855667114,0.06796998530626297
2.259999990463257,-1.2010918855667114,0.06891564279794693
2.2699999809265137,-1.2037147283554077,0.06963129341602325
2.2799999713897705,-1.2219246625900269,0.07037758082151413
2.2899999618530273,-1.225749135017395,0.07118011265993118
2.299999952316284,-1.2310411930084229,0.07198264449834824
2.309999942779541,-1.249251127243042,0.07263889163732529
2.319999933242798,-1.243912935256958,0.07338771224021912
2.3299999237060547,-1.2519664764404297,0.07404268532991409
2.3399999141693115,-1.2738853693008423,0.07464458048343658
2.3499999046325684,-1.2829787731170654,0.07524649053812027
2.359999895095825,-1.2738854885101318,0.07599784433841705
2.369999885559082,-1.285717248916626,0.07665029168128967
2.380000114440918,-1.3039270639419556,0.07740291953086853
2.390000104904175,-1.3102821111679077,0.07805408537387848
2.4000000953674316,-1.313055157661438,0.07865598797798157
2.4100000858306885,-1.3284803628921509,0.07925788313150406
2.4200000762939453,-1.3284803628921509,0.08001304417848587
2.430000066757202,-1.337573766708374,0.08066169172525406
2.440000057220459,-1.34039306640625,0.08141811192035675
2.450000047683716,-1.3466787338256836,0.08206548541784286
2.4600000381469727,-1.3557721376419067,0.08266738802194595
2.4700000286102295,-1.3614799976348877,0.08311285078525543
2.4800000190734863,-1.383075475692749,0.08367118239402771
2.490000009536743,-1.3921688795089722,0.0841153934597969
2.5,-1.3921688795089722,0.08467498421669006
2.509999990463257,-1.3950691223144531,0.08511792123317719
2.5199999809265137,-1.4012738466262817,0.08551918715238571
2.5299999713897705,-1.4012738466262817,0.08592046052217484
2.5399999618530273,-1.4042086601257324,0.08632173389196396
2.549999952316284,-1.4194722175598145,0.08672299236059189
2.559999942779541,-1.4194722175598145,0.08712425827980042
2.569999933242798,-1.4315351247787476,0.08768828958272934
2.5799999237060547,-1.4376705884933472,0.0881267860531807
2.5899999141693115,-1.4376705884933472,0.0886920839548111
2.5999999046325684,-1.4497681856155396,0.08912932872772217
2.609999895095825,-1.443759799003601,0.0895305946469307
2.619999885559082,-1.4467639923095703,0.08976592868566513
2.630000114440918,-1.4498027563095093,0.08996656537055969
2.640000104904175,-1.4558688402175903,0.09016719460487366
2.6500000953674316,-1.4558689594268799,0.09036782383918762
2.6600000858306885,-1.4680358171463013,0.09073692560195923
2.6700000762939453,-1.4740673303604126,0.09113819152116776
2.680000066757202,-1.4740673303604126,0.0917091816663742
2.690000057220459,-1.4862688779830933,0.09214071929454803
2.700000047683716,-1.4922657012939453,0.09271298348903656
2.7100000381469727,-1.4922657012939453,0.09314324706792831
2.7200000286102295,-1.495408535003662,0.09354452043771744
2.7300000190734863,-1.510464072227478,0.09394578635692596
2.740000009536743,-1.5195574760437012,0.09452058374881744
2.75,-1.5227349996566772,0.09494832903146744
2.759999990463257,-1.5286624431610107,0.09534958750009537
2.7699999809265137,-1.5409564971923828,0.09592628479003906
2.7799999713897705,-1.5436487197875977,0.09652817994356155
2.7899999618530273,-1.5409795045852661,0.096953384578228
2.799999952316284,-1.550096035003662,0.09735465049743652
2.809999942779541,-1.5650590658187866,0.09793388098478317
2.819999933242798,-1.5650591850280762,0.09853578358888626
2.8299999237060547,-1.5774223804473877,0.09895844757556915
2.8399999141693115,-1.5865389108657837,0.09953958541154861
2.8499999046325684,-1.5981627702713013,0.10032197088003159
2.859999895095825,-1.5865620374679565,0.10094337910413742
2.869999885559082,-1.601455807685852,0.1015452891588211
2.880000114440918,-1.601455807685852,0.102147176861763
2.890000104904175,-1.6105492115020752,0.10274907201528549
2.9000000953674316,-1.6172508001327515,0.103167325258255
2.9100000858306885,-1.625396728515625,0.10375288128852844
2.9200000762939453,-1.6196541786193848,0.10416984558105469
2.930000066757202,-1.63213312625885,0.10457111895084381
2.940000057220459,-1.6378525495529175,0.10497238487005234
2.950000047683716,-1.6469459533691406,0.10537365823984146
2.9600000381469727,-1.6378525495529175,0.10558746010065079
2.9700000286102295,-1.6378525495529175,0.10578808933496475
2.9800000190734863,-1.6378525495529175,0.10598871856927872
2.990000009536743,-1.6504007577896118,0.10599999129772186
3,-1.6434911489486694,0.10599999129772186
3.009999990463257,-1.646945834159851,0.10619062930345535
3.0199999809265137,-1.650435447692871,0.10639125853776932
3.0299999713897705,-1.6560509204864502,0.10659189522266388
3.0399999618530273,-1.6595635414123535,0.10679252445697784
3.049999952316284,-1.6707251071929932,0.10718632489442825
3.059999942779541,-1.6651443243026733,0.1073937937617302
3.069999933242798,-1.6595981121063232,0.10759442299604416
3.0799999237060547,-1.674249291419983,0.10779506713151932
3.0899999141693115,-1.674249291419983,0.10819138586521149
3.0999999046325684,-1.6778311729431152,0.10839632898569107
3.109999895095825,-1.692447543144226,0.10859695822000504
3.119999885559082,-1.6924476623535156,0.10899519175291061
3.130000114440918,-1.6924476623535156,0.10939645022153854
3.140000104904175,-1.7051692008972168,0.10959886759519577
3.1500000953674316,-1.7106460332870483,0.10979975014925003
3.1600000858306885,-1.7106460332870483,0.11020152270793915
3.1700000762939453,-1.7143088579177856,0.11060278117656708
3.180000066757202,-1.7160766124725342,0.11100608110427856
3.190000057220459,-1.7234253883361816,0.11160797625780106
3.200000047683716,-1.7288445234298706,0.11220987886190414
3.2100000381469727,-1.7416468858718872,0.11280785501003265
3.2200000286102295,-1.7379493713378906,0.1132136732339859
3.2300000190734863,-1.7470427751541138,0.11381039023399353
3.240000009536743,-1.756136178970337,0.11421747505664825
3.25,-1.7598915100097656,0.11481291800737381
3.259999990463257,-1.765241265296936,0.11522127687931061
3.2699999809265137,-1.7781128883361816,0.11581545323133469
3.2799999713897705,-1.7796496152877808,0.11621671169996262
3.2899999618530273,-1.7781360149383545,0.11661797761917114
3.299999952316284,-1.787252426147461,0.11701925843954086
3.309999942779541,-1.8016377687454224,0.11741026490926743
3.319999933242798,-1.7978017330169678,0.11761089414358139
3.3299999237060547,-1.7963805198669434,0.1178230568766594
3.3399999141693115,-1.8016377687454224,0.11821216344833374
3.3499999046325684,-1.8016377687454224,0.1184127926826477
3.359999895095825,-1.8055201768875122,0.11862686276435852
3.369999885559082,-1.819836139678955,0.11902812123298645
3.380000114440918,-1.8237415552139282,0.11941469460725784
3.390000104904175,-1.825024127960205,0.11961532384157181
3.4000000953674316,-1.8328580856323242,0.11983191221952438
3.4100000858306885,-1.8340944051742554,0.12021659314632416
3.4200000762939453,-1.832881212234497,0.12043444812297821
3.430000066757202,-1.847127914428711,0.12083572149276733
3.440000057220459,-1.8420093059539795,0.12123698741197586
3.450000047683716,-1.8602192401885986,0.12163824588060379
3.4600000381469727,-1.8704333305358887,0.12203951925039291
3.4700000286102295,-1.8693357706069946,0.12244078516960144
3.4800000190734863,-1.8784523010253906,0.12284205853939056
3.490000009536743,-1.8835362195968628,0.12326498329639435
3.5,-1.8835362195968628,0.12386687844991684
3.509999990463257,-1.892629623413086,0.12446877360343933
3.5199999809265137,-1.892629623413086,0.12504711747169495
3.5299999713897705,-1.905801773071289,0.12547257542610168
3.5399999618530273,-1.9108279943466187,0.12607447803020477
3.549999952316284,-1.9149298667907715,0.12665091454982758
3.559999942779541,-1.9290263652801514,0.12707827985286713
3.569999933242798,-1.9290263652801514,0.12770691514015198
3.5799999237060547,-1.9290263652801514,0.12848207354545593
3.5899999141693115,-1.9422677755355835,0.12908397614955902
3.5999999046325684,-1.951384425163269,0.12968586385250092
3.609999895095825,-1.9654231071472168,0.130287766456604
3.619999885559082,-1.9654231071472168,0.1308896541595459
3.630000114440918,-1.9696173667907715,0.13149157166481018
3.640000104904175,-1.9836214780807495,0.13209347426891327
3.6500000953674316,-1.9836214780807495,0.13269537687301636
3.6600000858306885,-1.9969438314437866,0.13326485455036163
3.6700000762939453,-2.0018198490142822,0.13366612792015076
3.680000066757202,-2.0018198490142822,0.13410107791423798
3.690000057220459,-2.0060834884643555,0.13466864824295044
3.700000047683716,-2.0242934226989746,0.13510489463806152
3.7100000381469727,-2.0382165908813477,0.13574236631393433
3.7200000286102295,-2.029123067855835,0.13650868833065033
3.7300000190734863,-2.0425264835357666,0.13707371056079865
3.740000009536743,-2.056414842605591,0.1375124752521515
3.75,-2.056414842605591,0.13811436295509338
3.759999990463257,-2.0607595443725586,0.13867750763893127
3.7699999809265137,-2.0655198097229004,0.13911816477775574
3.7799999713897705,-2.074613332748413,0.13972006738185883
3.7899999618530273,-2.074613332748413,0.14032196998596191
3.799999952316284,-2.074613332748413,0.14088259637355804
3.809999942779541,-2.0837066173553467,0.14128385484218597
3.819999933242798,-2.088120460510254,0.14164257049560547
3.8299999237060547,-2.0928115844726562,0.1418863981962204
3.8399999141693115,-2.0928115844726562,0.14224383234977722
3.8499999046325684,-2.0928115844726562,0.1424444615840912
3.859999895095825,-2.101905107498169,0.14264510571956635
3.869999885559082,-2.097283124923706,0.1428457349538803
3.880000114440918,-2.1110100746154785,0.14300000667572021
3.890000104904175,-2.1110100746154785,0.14300000667572021
3.9000000953674316,-2.1110100746154785,0.14300000667572021
3.9100000858306885,-2.106492280960083,0.14300000667572021
3.9200000762939453,-2.1064343452453613,0.14300000667572021
3.930000066757202,-2.1110100746154785,0.14304953813552856
3.940000057220459,-2.1110100746154785,0.14325016736984253
3.950000047683716,-2.1155741214752197,0.1434507966041565
3.9600000381469727,-2.1292083263397217,0.14365142583847046
3.9700000286102295,-2.1292083263397217,0.14385205507278442
3.9800000190734863,-2.1292083263397217,0.1440526843070984
3.990000009536743,-2.1338186264038086,0.14425331354141235
4,-2.147406816482544,0.14450789988040924
4.010000228881836,-2.1383132934570312,0.14490917325019836
4.019999980926514,-2.147406816482544,0.1453104317188263
4.03000020980835,-2.1520631313323975,0.1457117199897766
4.039999961853027,-2.1565117835998535,0.14616946876049042
4.050000190734863,-2.1702845096588135,0.1467142403125763
4.059999942779541,-2.1838033199310303,0.14717327058315277
4.070000171661377,-2.1700072288513184,0.14777517318725586
4.079999923706055,-2.179412603378296,0.14837707579135895
4.090000152587891,-2.1838033199310303,0.14891929924488068
4.099999904632568,-2.192896842956543,0.1493205726146698
4.110000133514404,-2.197645664215088,0.14972184598445892
4.119999885559082,-2.2020018100738525,0.15012311935424805
4.130000114440918,-2.2020018100738525,0.15046219527721405
4.139999866485596,-2.2067854404449463,0.15072564780712128
4.150000095367432,-2.2063117027282715,0.1511269211769104
4.159999847412109,-2.20680832862854,0.1514640897512436
4.170000076293945,-2.2202000617980957,0.15166473388671875
4.179999828338623,-2.2202000617980957,0.15186536312103271
4.190000057220459,-2.2202000617980957,0.15206597745418549
4.199999809265137,-2.225052833557129,0.15226662158966064
4.210000038146973,-2.224440574645996,0.1524672508239746
4.21999979019165,-2.2341694831848145,0.15266789495944977
4.230000019073486,-2.2244174480438232,0.15286850929260254
4.239999771118164,-2.2341926097869873,0.15299999713897705
4.25,-2.2293050289154053,0.15306977927684784
4.260000228881836,-2.238398551940918,0.153270423412323
4.269999980926514,-2.2433323860168457,0.15347105264663696
4.28000020980835,-2.242558240890503,0.15367168188095093
4.289999961853027,-2.2474920749664307,0.1538723111152649
4.300000190734863,-2.2433669567108154,0.15407295525074005
4.309999942779541,-2.256596803665161,0.15427358448505402
4.320000171661377,-2.256596803665161,0.15454845130443573
4.329999923706055,-2.27069354057312,0.15494972467422485
4.340000152587891,-2.2747952938079834,0.155426487326622
4.349999904632568,-2.2798213958740234,0.15595225989818573
4.360000133514404,-2.2879557609558105,0.15643027424812317
4.369999885559082,-2.28893780708313,0.1569547802209854
4.380000114440918,-2.2929935455322266,0.15743407607078552
4.389999866485596,-2.2929935455322266,0.1579573005437851
4.400000095367432,-2.2980775833129883,0.15843787789344788
4.409999847412109,-2.2970030307769775,0.15895985066890717
4.420000076293945,-2.298100709915161,0.1593611091375351
4.429999828338623,-2.311192035675049,0.15968118607997894
4.440000057220459,-2.311192035675049,0.1598818302154541
4.449999809265137,-2.316333770751953,0.1599999964237213
4.460000038146973,-2.315143585205078,0.1599999964237213
4.46999979019165,-2.311192035675049,0.1599999964237213
4.480000019073486,-2.311192035675049,0.1599999964237213
4.489999771118164,-2.3202853202819824,0.1599999964237213
4.5,-2.311192035675049,0.1599999964237213
4.510000228881836,-2.311192035675049,0.1599999964237213
4.519999980926514,-2.3164145946502686,0.1599999964237213
4.53000020980835,-2.3150627613067627,0.1599999964237213
4.539999961853027,-2.305946111679077,0.1599999964237213
4.550000190734863,-2.307344436645508,0.1599999964237213
4.559999942779541,-2.3164608478546143,0.1599999964237213
4.570000171661377,-2.315016508102417,0.1599999964237213
4.579999923706055,-2.311192035675049,0.1599999964237213
4.590000152587891,-2.311192035675049,0.1599999964237213
4.599999904632568,-2.311192035675049,0.1599999964237213
4.610000133514404,-2.3058652877807617,0.1599999964237213
4.619999885559082,-2.3074252605438232,0.1599999964237213
4.630000114440918,-2.311192035675049,0.1599999964237213
4.639999866485596,-2.2967371940612793,0.1599999964237213
4.650000095367432,-2.2929935455322266,0.1599999964237213
4.659999847412109,-2.2929935455322266,0.15990424156188965
4.670000076293945,-2.2785041332244873,0.1597035974264145
4.679999828338623,-2.2747952938079834,0.15950296819210052
4.690000057220459,-2.2747952938079834,0.15920467674732208
4.699999809265137,-2.269364595413208,0.15870513021945953
4.710000038146973,-2.256596803665161,0.1582021564245224
4.71999979019165,-2.256596803665161,0.15770134329795837
4.730000019073486,-2.2420382499694824,0.15699924528598785
4.739999771118164,-2.232921600341797,0.1561967134475708
4.75,-2.2202000617980957,0.15539416670799255
4.760000228881836,-2.214700222015381,0.15448954701423645
4.769999980926514,-2.2020018100738525,0.15348638594150543
4.78000020980835,-2.1964786052703857,0.15248320996761322
4.789999961853027,-2.1782686710357666,0.1514800488948822
4.800000190734863,-2.165605068206787,0.15037225186824799
4.809999942779541,-2.165605068206787,0.14927372336387634
4.820000171661377,-2.1453731060028076,0.14827056229114532
4.829999923706055,-2.1383018493652344,0.1472673863172531
4.840000152587891,-2.1236159801483154,0.14615705609321594
4.849999904632568,-2.1110100746154785,0.14516884088516235
4.860000133514404,-2.0963010787963867,0.14414946734905243
4.869999885559082,-2.0780911445617676,0.14294566214084625
4.880000114440918,-2.074613332748413,0.14174185693264008
4.889999866485596,-2.0598697662353516,0.14064839482307434
4.900000095367432,-2.0416598320007324,0.13953426480293274
4.909999847412109,-2.029123067855835,0.13844206929206848
4.920000076293945,-2.0234382152557373,0.13743889331817627
4.929999828338623,-2.0052285194396973,0.13643571734428406
4.940000057220459,-1.9961119890213013,0.13543255627155304
4.949999809265137,-1.9836214780807495,0.13442939519882202
4.960000038146973,-1.9721593856811523,0.133426234126091
4.96999979019165,-1.9620606899261475,0.1324230581521988
4.980000019073486,-1.950575590133667,0.13130386173725128
4.989999771118164,-1.9232722520828247,0.1301000565290451
5,-1.9141557216644287,0.12889626622200012
5.010000228881836,-1.8901569843292236,0.12769246101379395
5.019999980926514,-1.8744312524795532,0.12648867070674896
5.03000020980835,-1.8686193227767944,0.12540405988693237
5.039999961853027,-1.8562328815460205,0.12440089136362076
5.050000190734863,-1.8413044214248657,0.12327726930379868
5.059999942779541,-1.8230944871902466,0.1220734715461731
5.070000171661377,-1.8139780759811401,0.12086966633796692
5.079999923706055,-1.7866747379302979,0.11966586858034134
5.090000152587891,-1.7834395170211792,0.11846206337213516
5.099999904632568,-1.762560486793518,0.11738188564777374
5.110000133514404,-1.7470427751541138,0.11625446379184723
5.119999885559082,-1.732033371925354,0.11505066603422165
5.130000114440918,-1.728844404220581,0.11384686827659607
5.139999866485596,-1.713811993598938,0.11264307051897049
5.150000095367432,-1.6987448930740356,0.11143925786018372
5.159999847412109,-1.674249291419983,0.11036287993192673
5.170000076293945,-1.6591821908950806,0.1093597263097763
5.179999828338623,-1.6500656604766846,0.10822786390781403
5.190000057220459,-1.6378525495529175,0.10702406615018845
5.199999809265137,-1.6167423725128174,0.10582026839256287
5.210000038146973,-1.601455807685852,0.10461646318435669
5.21999979019165,-1.5863308906555176,0.10328143835067749
5.230000019073486,-1.5681209564208984,0.1020088717341423
5.239999771118164,-1.559004545211792,0.10080507397651672
5.25,-1.5468608140945435,0.09960126876831055
5.260000228881836,-1.5316897630691528,0.09839747101068497
5.269999980926514,-1.5286624431610107,0.0973280519247055
5.28000020980835,-1.5225616693496704,0.09632489085197449
5.289999961853027,-1.4952583312988281,0.09532171487808228
5.300000190734863,-1.4922657012939453,0.09418226033449173
5.309999942779541,-1.4861302375793457,0.09311538934707642
5.320000171661377,-1.4679203033447266,0.0921122208237648
5.329999923706055,-1.4558689594268799,0.09110905975103378
5.340000152587891,-1.4406054019927979,0.09010589122772217
5.349999904632568,-1.4314889907836914,0.08924218267202377
5.360000133514404,-1.4194722175598145,0.08843965083360672
5.369999885559082,-1.4132674932479858,0.08763711899518967
5.380000114440918,-1.4012738466262817,0.08683457970619202
5.389999866485596,-1.3859525918960571,0.08603204786777496
5.400000095367432,-1.3739820718765259,0.08522951602935791
5.409999847412109,-1.3768244981765747,0.08442697674036026
5.420000076293945,-1.3648771047592163,0.0836244449019432
5.429999828338623,-1.349509596824646,0.08282191306352615
5.440000057220459,-1.34039306640625,0.0820193812251091
5.449999809265137,-1.3221832513809204,0.08121684193611145
5.460000038146973,-1.3102821111679077,0.08026789128780365
5.46999979019165,-1.3102821111679077,0.07926473021507263
5.480000019073486,-1.3039501905441284,0.07826156169176102
5.489999771118164,-1.2857402563095093,0.0772583931684494
5.5,-1.2738853693008423,0.07625522464513779
5.510000228881836,-1.2584254741668701,0.07525206357240677
5.519999980926514,-1.2493089437484741,0.07439911365509033
5.53000020980835,-1.2374886274337769,0.07359658181667328
5.539999961853027,-1.2374886274337769,0.07279404997825623
5.550000190734863,-1.221982479095459,0.07214363664388657
5.559999942779541,-1.2037725448608398,0.07154173403978348
5.570000171661377,-1.2010918855667114,0.07078645378351212
5.579999923706055,-1.1946444511413574,0.06998391449451447
5.590000152587891,-1.1828935146331787,0.06918138265609741
5.599999904632568,-1.1764229536056519,0.06837884336709976
5.610000133514404,-1.164695143699646,0.06773222982883453
5.619999885559082,-1.164695143699646,0.06713032722473145
5.630000114440918,-1.1581898927688599,0.06652843952178955
5.639999866485596,-1.1464967727661133,0.0660843551158905
5.650000095367432,-1.1399685144424438,0.0655246376991272
5.659999847412109,-1.1373918056488037,0.06476365029811859
5.670000076293945,-1.1217470169067383,0.0641208291053772
5.679999828338623,-1.1257563829421997,0.0635189339518547
5.690000057220459,-1.1126304864883423,0.06275604665279388
5.699999809265137,-1.1035139560699463,0.0621151365339756
5.710000038146973,-1.0919016599655151,0.06151323765516281
5.71999979019165,-1.0852924585342407,0.060748450458049774
5.730000019073486,-1.0827968120574951,0.06010943651199341
5.739999771118164,-1.073703408241272,0.05950753763318062
5.75,-1.0579661130905151,0.05890563502907753
5.760000228881836,-1.0645984411239624,0.05830373987555504
5.769999980926514,-1.0555050373077393,0.05770183727145195
5.78000020980835,-1.0488265752792358,0.05693325027823448
5.789999961853027,-1.0306165218353271,0.056298039853572845
5.800000190734863,-1.028201699256897,0.055696140974760056
5.809999942779541,-1.0191082954406738,0.05509423837065697
5.820000171661377,-1.0123835802078247,0.05449233576655388
5.829999923706055,-1.0009099245071411,0.05406029149889946
5.840000152587891,-1.0009099245071411,0.053488537669181824
5.849999904632568,-0.9941505193710327,0.052715521305799484
5.860000133514404,-0.9759405851364136,0.05208473652601242
5.869999885559082,-0.9803891181945801,0.05148283392190933
5.880000114440918,-0.9668241143226624,0.05088093876838684
5.889999866485596,-0.9577075242996216,0.05027903616428375
5.900000095367432,-0.946314811706543,0.049677133560180664
5.909999847412109,-0.946314811706543,0.04907523840665817
5.920000076293945,-0.930381178855896,0.048473335802555084
5.929999828338623,-0.9281164407730103,0.047871433198451996
5.940000057220459,-0.9281164407730103,0.047269538044929504
5.949999809265137,-0.9212415218353271,0.04684508964419365
5.960000038146973,-0.9099180698394775,0.04626573622226715
5.96999979019165,-0.9008246660232544,0.04584255814552307
5.980000019073486,-0.9099180698394775,0.0452619343996048
5.989999771118164,-0.8939035534858704,0.04484002664685249
6,-0.8917197585105896,0.04425813630223274
6.010000228881836,-0.8847755193710327,0.04383749142289162
6.019999980926514,-0.8735213875770569,0.04343622177839279
6.03000020980835,-0.8735213875770569,0.04321747645735741
6.039999961853027,-0.8735213875770569,0.04283369332551956
6.050000190734863,-0.8644279837608337,0.042616210877895355
6.059999942779541,-0.8665193319320679,0.04241557791829109
6.070000171661377,-0.8623366355895996,0.04202989488840103
6.079999923706055,-0.8574028015136719,0.041628625243902206
6.090000152587891,-0.8553230166435242,0.04141368344426155
6.099999904632568,-0.8553230166435242,0.04102609306573868
6.110000133514404,-0.8553230166435242,0.04062482714653015
6.119999885559082,-0.8553230166435242,0.040411777794361115
6.130000114440918,-0.8482401371002197,0.04021114856004715
6.139999866485596,-0.8371246457099915,0.04001051187515259
6.150000095367432,-0.8371246457099915,0.039809878915548325
6.159999847412109,-0.8371246457099915,0.03960924595594406
6.170000076293945,-0.8280312418937683,0.039408616721630096
6.179999828338623,-0.8371246457099915,0.039207980036735535
6.190000057220459,-0.8371246457099915,0.03900734707713127
6.199999809265137,-0.8299608826637268,0.039000000804662704
6.210000038146973,-0.8280196785926819,0.039000000804662704
6.21999979019165,-0.8189262747764587,0.039000000804662704
6.230000019073486,-0.8189262747764587,0.039000000804662704
6.239999771118164,-0.8117162585258484,0.039000000804662704
6.25,-0.817042887210846,0.039000000804662704
6.260000228881836,-0.8116931319236755,0.03880291432142258
6.269999980926514,-0.8098213076591492,0.038602281361818314
6.28000020980835,-0.8098213076591492,0.03840164840221405
6.289999961853027,-0.8098213076591492,0.038002025336027145
6.300000190734863,-0.7934485673904419,0.03760050609707832
6.309999942779541,-0.7916229367256165,0.037399113178253174
6.320000171661377,-0.7916229367256165,0.03719696030020714
6.329999923706055,-0.7825295329093933,0.03679784759879112
6.340000152587891,-0.7898551225662231,0.03659721463918686
6.349999904632568,-0.7916345000267029,0.03639315813779831
6.360000133514404,-0.7933792471885681,0.03599189221858978
6.369999885559082,-0.7898897528648376,0.03559530898928642
6.380000114440918,-0.800727903842926,0.03539467602968216
6.389999866485596,-0.800727903842926,0.035194043070077896
6.400000095367432,-0.7933329939842224,0.03500000014901161
6.409999847412109,-0.7990294098854065,0.03500000014901161
6.420000076293945,-0.800727903842926,0.03500000014901161
6.429999828338623,-0.800727903842926,0.03500848636031151
6.440000057220459,-0.800727903842926,0.03520911931991577
6.449999809265137,-0.8172739744186401,0.03541950881481171
6.460000038146973,-0.8189262747764587,0.035831157118082047
6.46999979019165,-0.8189262747764587,0.036433055996894836
6.480000019073486,-0.8355070352554321,0.037034958600997925
6.489999771118164,-0.8371246457099915,0.03764914721250534
6.5,-0.8446351289749146,0.038451679050922394
6.510000228881836,-0.8553230166435242,0.03925421088933945
6.519999980926514,-0.8719499707221985,0.0400567464530468
6.53000020980835,-0.8735213875770569,0.04085927829146385
6.539999961853027,-0.8735213875770569,0.041661810129880905
6.550000190734863,-0.8901829719543457,0.04246434196829796
6.559999942779541,-0.9083928465843201,0.04326687753200531
6.570000171661377,-0.9099180698394775,0.04406941309571266
6.579999923706055,-0.9175209999084473,0.044871944934129715
6.590000152587891,-0.9372098445892334,0.045674484223127365
6.599999904632568,-0.9448358416557312,0.04647701606154442
6.610000133514404,-0.9539523124694824,0.04727954417467117
6.619999885559082,-0.9645131826400757,0.048102594912052155
6.630000114440918,-0.9812672138214111,0.04910576343536377
6.639999866485596,-0.9827115535736084,0.050108928233385086
6.650000095367432,-0.9903953075408936,0.0511120967566967
6.659999847412109,-1.0009099245071411,0.05209220573306084
6.670000076293945,-1.0177102088928223,0.05289474502205849
6.679999828338623,-1.0191082954406738,0.05369727686047554
6.690000057220459,-1.0359317064285278,0.05449980869889259
6.699999809265137,-1.054141640663147,0.055302344262599945
6.710000038146973,-1.0555050373077393,0.056131090968847275
6.71999979019165,-1.0723631381988525,0.05713425949215889
6.730000019073486,-1.0905728340148926,0.058137428015470505
6.739999771118164,-1.0919016599655151,0.05914059281349182
6.75,-1.1087943315505981,0.060143765062093735
6.760000228881836,-1.1179108619689941,0.06114692986011505
6.769999980926514,-1.1282984018325806,0.06215009465813637
6.78000020980835,-1.1373918056488037,0.06315325945615768
6.789999961853027,-1.1361439228057861,0.0641564279794693
6.800000190734863,-1.1543538570404053,0.06515959650278091
6.809999942779541,-1.1725637912750244,0.06613021343946457
6.820000171661377,-1.1738001108169556,0.06693274527788162
6.829999923706055,-1.1828935146331787,0.06773527711629868
6.840000152587891,-1.1907967329025269,0.06853781640529633
6.849999904632568,-1.2010918855667114,0.06934034824371338
6.860000133514404,-1.209018349647522,0.07014287263154984
6.869999885559082,-1.2272282838821411,0.07094540446996689
6.880000114440918,-1.2283952236175537,0.07174793630838394
6.889999866485596,-1.2374886274337769,0.07251285016536713
6.900000095367432,-1.2454612255096436,0.07311475276947021
6.909999847412109,-1.2556869983673096,0.0737166479229927
6.920000076293945,-1.2727761268615723,0.0743185505270958
6.929999828338623,-1.2738853693008423,0.07488030195236206
6.940000057220459,-1.2819042205810547,0.07532235980033875
6.949999809265137,-1.292083740234375,0.07592425495386124
6.960000038146973,-1.292083740234375,0.07652615755796432
6.96999979019165,-1.3092306852340698,0.07708537578582764
6.980000019073486,-1.3274405002593994,0.07752995938062668
6.989999771118164,-1.3113105297088623,0.07813185453414917
7,-1.3274636268615723,0.07868917286396027
7.010000228881836,-1.3365800380706787,0.07913565635681152
7.019999980926514,-1.3375853300094604,0.07978340983390808
7.03000020980835,-1.3466787338256836,0.08053946495056152
7.039999961853027,-1.3466787338256836,0.08114136010408401
7.050000190734863,-1.3639180660247803,0.08179100602865219
7.059999942779541,-1.3648771047592163,0.08254515379667282
7.070000171661377,-1.3821395635604858,0.08314705640077591
7.079999923706055,-1.400349497795105,0.0837986022233963
7.090000152587891,-1.4012738466262817,0.08455085009336472
7.099999904632568,-1.4012738466262817,0.08515274524688721
7.110000133514404,-1.418582558631897,0.08580620586872101
7.119999885559082,-1.427699089050293,0.08660873770713806
7.130000114440918,-1.4376705884933472,0.08741127699613571
7.139999866485596,-1.4376705884933472,0.08821381628513336
7.150000095367432,-1.4550254344940186,0.08901634067296982
7.159999847412109,-1.4732353687286377,0.08981887251138687
7.170000076293945,-1.4740673303604126,0.09062140434980392
7.179999828338623,-1.4914568662643433,0.09142393618822098
7.190000057220459,-1.5005733966827393,0.09228308498859406
7.199999809265137,-1.510464072227478,0.09328625351190567
7.210000038146973,-1.527888298034668,0.09428942203521729
7.21999979019165,-1.537004828453064,0.0952925980091095
7.230000019073486,-1.5552146434783936,0.09629575908184052
7.239999771118164,-1.5650590658187866,0.09729892015457153
7.25,-1.5825295448303223,0.09830209612846375
7.260000228881836,-1.6007393598556519,0.09930525720119476
7.269999980926514,-1.6098558902740479,0.10030842572450638
7.28000020980835,-1.611242413520813,0.1013115867972374
7.289999961853027,-1.627395749092102,0.10231474786996841
7.300000190734863,-1.6378525495529175,0.10331792384386063
7.309999942779541,-1.6378525495529175,0.10432108491659164
7.320000171661377,-1.6463104486465454,0.10532425343990326
7.329999923706055,-1.6645203828811646,0.10626193135976791
7.340000152587891,-1.674249291419983,0.10706447064876556
7.349999904632568,-1.6918352842330933,0.10786700248718262
7.360000133514404,-1.6924476623535156,0.10860215127468109
7.369999885559082,-1.7009633779525757,0.10920406132936478
7.380000114440918,-1.7106460332870483,0.10987460613250732
7.389999866485596,-1.7106460332870483,0.11060785502195358
7.400000095367432,-1.7191964387893677,0.11120975017547607
7.409999847412109,-1.728844404220581,0.11188220977783203
7.420000076293945,-1.7465112209320068,0.11261355876922607
7.429999828338623,-1.7470427751541138,0.11314363032579422
7.440000057220459,-1.7470427751541138,0.11361735314130783
7.449999809265137,-1.7556508779525757,0.11421924829483032
7.460000038146973,-1.7652411460876465,0.11474743485450745
7.46999979019165,-1.7738723754882812,0.11514870077371597
7.480000019073486,-1.7834395170211792,0.11562494933605194
7.489999771118164,-1.7834395170211792,0.11615122854709625
7.5,-1.7834395170211792,0.11655249446630478
7.510000228881836,-1.8012102842330933,0.1169537678360939
7.519999980926514,-1.8016377687454224,0.11735502630472183
7.53000020980835,-1.7929372787475586,0.11767815053462982
7.539999961853027,-1.801244854927063,0.11787878721952438
7.550000190734863,-1.8103615045547485,0.11807942390441895
7.559999942779541,-1.810742735862732,0.11828005313873291
7.570000171661377,-1.8110893964767456,0.11856137216091156
7.579999923706055,-1.8103960752487183,0.11896264553070068
7.590000152587891,-1.819836139678955,0.11936390399932861
7.599999904632568,-1.819836139678955,0.11976516246795654
7.610000133514404,-1.819836139678955,0.12016643583774567
7.619999885559082,-1.8286406993865967,0.1205676943063736
7.630000114440918,-1.8380345106124878,0.12096896767616272
7.639999866485596,-1.8380345106124878,0.12137023359537125
7.650000095367432,-1.8559671640396118,0.12168575078248978
7.659999847412109,-1.8562328815460205,0.12197276949882507
7.670000076293945,-1.8562328815460205,0.12228701263666153
7.679999828338623,-1.8653262853622437,0.1225753054022789
7.690000057220459,-1.8742116689682007,0.12297657132148743
7.699999809265137,-1.8744312524795532,0.12346675246953964
7.710000038146973,-1.883339762687683,0.1239791065454483
7.71999979019165,-1.8835362195968628,0.124470554292202
7.730000019073486,-1.8835362195968628,0.12498163431882858
7.739999771118164,-1.892629623413086,0.1253829002380371
7.75,-1.892629623413086,0.12569208443164825
7.760000228881836,-1.910689353942871,0.12598542869091034
7.769999980926514,-1.9108279943466187,0.12629334628582
7.78000020980835,-1.9108279943466187,0.12658797204494476
7.789999961853027,-1.9199213981628418,0.1269892454147339
7.800000190734863,-1.9289339780807495,0.12748576700687408
7.809999942779541,-1.9290263652801514,0.12799178063869476
7.820000171661377,-1.9290263652801514,0.12848955392837524
7.829999923706055,-1.9380735158920288,0.12899430096149445
7.840000152587891,-1.947224736213684,0.12939557433128357
7.849999904632568,-1.9563181400299072,0.1297968327999115
7.860000133514404,-1.965399980545044,0.13019809126853943
7.869999885559082,-1.9654231071472168,0.13059934973716736
7.880000114440918,-1.9654231071472168,0.1310006082057953
7.889999866485596,-1.9654231071472168,0.13150285184383392
7.900000095367432,-1.9745858907699585,0.13200317323207855
7.909999847412109,-1.992680311203003,0.13250665366649628
7.920000076293945,-1.9836214780807495,0.13300570845603943
7.929999828338623,-1.9927841424942017,0.13340698182582855
7.940000057220459,-2.0018198490142822,0.13380824029445648
7.949999809265137,-2.0019123554229736,0.1342094987630844
7.960000038146973,-2.0108208656311035,0.13461075723171234
7.96999979019165,-2.01102876663208,0.13501203060150146
7.980000019073486,-2.0200183391571045,0.1354133039712906
7.989999771118164,-2.0201566219329834,0.1358145773410797
8,-2.0382165908813477,0.13621583580970764
8.010000228881836,-2.029123067855835,0.13650855422019958
8.020000457763672,-2.0382165908813477,0.13681836426258087
8.029999732971191,-2.0382165908813477,0.1372196227312088
8.039999961853027,-2.0473098754882812,0.13751044869422913
8.050000190734863,-2.038424491882324,0.13771109282970428
8.0600004196167,-2.056414842605591,0.13802343606948853
8.069999694824219,-2.0655083656311035,0.13831233978271484
8.079999923706055,-2.065751075744629,0.13862596452236176
8.09000015258789,-2.074613571166992,0.13902723789215088
8.100000381469727,-2.0655198097229004,0.1394284963607788
8.109999656677246,-2.074613332748413,0.13982975482940674
8.119999885559082,-2.0839955806732178,0.14023102819919586
8.130000114440918,-2.0928115844726562,0.14051616191864014
8.140000343322754,-2.0928115844726562,0.14083357155323029
8.149999618530273,-2.101905107498169,0.1412348449230194
8.15999984741211,-2.1022400856018066,0.14151805639266968
8.170000076293945,-2.101569890975952,0.14183737337589264
8.180000305175781,-2.1022632122039795,0.14223863184452057
8.1899995803833,-2.1110100746154785,0.1426399052143097
8.199999809265137,-2.111391305923462,0.14304117858409882
8.210000038146973,-2.1288154125213623,0.14344243705272675
8.220000267028809,-2.1205079555511475,0.14384369552135468
8.229999542236328,-2.129624128341675,0.1442449539899826
8.239999771118164,-2.147406816482544,0.14452309906482697
8.25,-2.147406816482544,0.14484748244285583
8.260000228881836,-2.146956205368042,0.14524875581264496
8.270000457763672,-2.138763904571533,0.1455250233411789
8.279999732971191,-2.147406816482544,0.14572565257549286
8.289999961853027,-2.1569855213165283,0.14605256915092468
8.300000190734863,-2.165605068206787,0.1463269144296646
8.3100004196167,-2.165605068206787,0.1466551125049591
8.319999694824219,-2.1661250591278076,0.14705637097358704
8.329999923706055,-2.1838033199310303,0.14758644998073578
8.34000015258789,-2.1838033199310303,0.1480589061975479
8.350000381469727,-2.1838033199310303,0.14859023690223694
8.359999656677246,-2.19346284866333,0.1490614265203476
8.369999885559082,-2.2020018100738525,0.14959405362606049
8.380000114440918,-2.211095094680786,0.15019595623016357
8.390000343322754,-2.211695909500122,0.15079784393310547
8.399999618530273,-2.2202000617980957,0.15139974653720856
8.40999984741211,-2.229917526245117,0.15213552117347717
8.420000076293945,-2.238398551940918,0.15280354022979736
8.430000305175781,-2.238398551940918,0.15327028930187225
8.4399995803833,-2.2474918365478516,0.15380734205245972
8.449999809265137,-2.248162031173706,0.1544092446565628
8.460000038146973,-2.256596803665161,0.15487410128116608
8.470000267028809,-2.256596803665161,0.1552753746509552
8.479999542236328,-2.266395330429077,0.15581494569778442
8.489999771118164,-2.2740790843963623,0.15627789497375488
8.5,-2.266418218612671,0.15653958916664124
8.510000228881836,-2.2747952938079834,0.1568804383277893
8.520000457763672,-2.284639596939087,0.15728169679641724
8.529999732971191,-2.2922308444976807,0.15754148364067078
8.539999961853027,-2.275569438934326,0.15774211287498474
8.550000190734863,-2.2929935455322266,0.1579427570104599
8.5600004196167,-2.2929935455322266,0.15800000727176666
8.569999694824219,-2.2929935455322266,0.158144012093544
8.579999923706055,-2.2929935455322266,0.15834464132785797
8.59000015258789,-2.2929935455322266,0.15854528546333313
8.600000381469727,-2.2929935455322266,0.1587459146976471
8.609999656677246,-2.2929935455322266,0.15894654393196106
8.619999885559082,-2.2929935455322266,0.1589999943971634
8.630000114440918,-2.2929935455322266,0.1589999943971634
8.640000343322754,-2.2929933071136475,0.1589999943971634
8.649999618530273,-2.2929935455322266,0.1589999943971634
8.65999984741211,-2.3020870685577393,0.1589999943971634
8.670000076293945,-2.3020870685577393,0.1589999943971634
8.680000305175781,-2.303022861480713,0.1589999943971634
8.6899995803833,-2.311192035675049,0.1589999943971634
8.699999809265137,-2.3102331161499023,0.1589999943971634
8.710000038146973,-2.2929935455322266,0.1589999943971634
8.720000267028809,-2.2929935455322266,0.1589999943971634
8.729999542236328,-2.3020870685577393,0.1589999943971634
8.739999771118164,-2.3020870685577393,0.1589999943971634
8.75,-2.2929935455322266,0.1589999943971634
8.760000228881836,-2.2929935455322266,0.1589999943971634
8.770000457763672,-2.2929935455322266,0.1589999943971634
8.779999732971191,-2.2919418811798096,0.1589999943971634
8.789999961853027,-2.2747952938079834,0.1589999943971634
8.800000190734863,-2.2849631309509277,0.15884141623973846
8.8100004196167,-2.29190731048584,0.1586407870054245
8.819999694824219,-2.2736976146698,0.15828029811382294
8.829999923706055,-2.2667996883392334,0.15771856904029846
8.84000015258789,-2.26570200920105,0.15711666643619537
8.850000381469727,-2.2645695209503174,0.15651476383209229
8.859999656677246,-2.255452871322632,0.1559128761291504
8.869999885559082,-2.238398551940918,0.15531094372272491
8.880000114440918,-2.237231492996216,0.15470905601978302
8.890000343322754,-2.2201998233795166,0.15394286811351776
8.899999618530273,-2.2202000617980957,0.1531403362751007
8.90999984741211,-2.2201998233795166,0.15233781933784485
8.920000076293945,-2.2086803913116455,0.1515352725982666
8.930000305175781,-2.1838033199310303,0.15073272585868835
8.9399995803833,-2.1825668811798096,0.15009765326976776
8.949999809265137,-2.1746983528137207,0.14949575066566467
8.960000038146973,-2.1643455028533936,0.14872515201568604
8.970000267028809,-2.147406816482544,0.1479226052761078
8.979999542236328,-2.1461241245269775,0.14712007343769073
8.989999771118164,-2.1279141902923584,0.14614692330360413
9,-2.1110100746154785,0.1451437622308731
9.010000228881836,-2.1110100746154785,0.1441406011581421
9.020000457763672,-2.100587844848633,0.14313744008541107
9.029999732971191,-2.0914711952209473,0.14213426411151886
9.039999961853027,-2.074613332748413,0.14113110303878784
9.050000190734863,-2.0641565322875977,0.14012792706489563
9.0600004196167,-2.0459465980529785,0.1391247808933258
9.069999694824219,-2.0382165908813477,0.1381216049194336
9.079999923706055,-2.0277249813079834,0.13711842894554138
9.09000015258789,-2.018608331680298,0.13611526787281036
9.100000381469727,-2.0018198490142822,0.13511210680007935
9.109999656677246,-1.992726445198059,0.13410894572734833
9.119999885559082,-1.9912822246551514,0.13310576975345612
9.130000114440918,-1.9745280742645264,0.1322820782661438
9.140000343322754,-1.9730606079101562,0.13147953152656555
9.149999618530273,-1.9548507928848267,0.1306770145893097
9.15999984741211,-1.936640739440918,0.13005585968494415
9.170000076293945,-1.938119649887085,0.12945395708084106
9.180000305175781,-1.9275126457214355,0.12866941094398499
9.1899995803833,-1.9199213981628418,0.12786687910556793
9.199999809265137,-1.9001978635787964,0.12706434726715088
9.210000038146973,-1.892629623413086,0.12607726454734802
9.220000267028809,-1.8819763660430908,0.1250741183757782
9.229999542236328,-1.8637664318084717,0.12425674498081207
9.239999771118164,-1.8562328815460205,0.12345420569181442
9.25,-1.8455449342727661,0.12265168130397797
9.260000228881836,-1.8364285230636597,0.12166142463684082
9.270000457763672,-1.819836139678955,0.12084661424160004
9.279999732971191,-1.8091135025024414,0.11985509097576141
9.289999961853027,-1.7999969720840454,0.11885193735361099
9.300000190734863,-1.7834395170211792,0.11784876137971878
9.3100004196167,-1.781775712966919,0.11703647673130035
9.319999694824219,-1.7635657787322998,0.11604244261980057
9.329999923706055,-1.756136178970337,0.11503925919532776
9.34000015258789,-1.736250877380371,0.11403609812259674
9.350000381469727,-1.727134346961975,0.11303292959928513
9.359999656677246,-1.7106460332870483,0.11222381144762039
9.369999885559082,-1.7106460332870483,0.11142127215862274
9.380000114440918,-1.708901286125183,0.11061874032020569
9.390000343322754,-1.6815979480743408,0.10981621593236923
9.399999618530273,-1.6724814176559448,0.10901368409395218
9.40999984741211,-1.6560509204864502,0.10801392793655396
9.420000076293945,-1.6560508012771606,0.10701077431440353
9.430000305175781,-1.6451549530029297,0.10600759088993073
9.4399995803833,-1.6360384225845337,0.10500442981719971
9.449999809265137,-1.6196541786193848,0.10399936139583588
9.460000038146973,-1.6178170442581177,0.10299493372440338
9.470000267028809,-1.5996071100234985,0.10199178010225296
9.479999542236328,-1.5813971757888794,0.10099087655544281
9.489999771118164,-1.566930890083313,0.10018834471702576
9.5,-1.5722806453704834,0.0993858128786087
9.510000228881836,-1.5540708303451538,0.09858328104019165
9.520000457763672,-1.5468608140945435,0.0977807492017746
9.529999732971191,-1.5449427366256714,0.09697820991277695
9.539999961853027,-1.5286624431610107,0.09618176519870758
9.550000190734863,-1.5267212390899658,0.0955798551440239
9.5600004196167,-1.510464072227478,0.0949779599905014
9.569999694824219,-1.4994064569473267,0.09438404440879822
9.579999923706055,-1.4922658205032349,0.09397415816783905
9.59000015258789,-1.4922658205032349,0.09336301684379578
9.600000381469727,-1.4811732769012451,0.09257036447525024
9.609999656677246,-1.4649738073349,0.09197896718978882
9.619999885559082,-1.4720451831817627,0.0915665552020073
9.630000114440918,-1.4649622440338135,0.0909646600484848
9.640000343322754,-1.4538236856460571,0.09037517756223679
9.649999618530273,-1.4376705884933472,0.08996085822582245
9.65999984741211,-1.4376705884933472,0.08934527635574341
9.670000076293945,-1.4355907440185547,0.08855706453323364
9.680000305175781,-1.4194722175598145,0.08795516192913055
9.6899995803833,-1.4173692464828491,0.0873376801609993
9.699999809265137,-1.4012737274169922,0.08655136078596115
9.710000038146973,-1.4012738466262817,0.08594946563243866
9.720000267028809,-1.3900429010391235,0.08533008396625519
9.729999542236328,-1.383075475692749,0.08454566448926926
9.739999771118164,-1.383075475692749,0.08394376188516617
9.75,-1.3809032440185547,0.08332248032093048
9.760000228881836,-1.3648771047592163,0.08253996074199677
9.770000457763672,-1.353588342666626,0.08193806558847427
9.779999732971191,-1.3375853300094604,0.08131487667560577
9.789999961853027,-1.3353668451309204,0.08053426444530487
9.800000190734863,-1.3284803628921509,0.07993235439062119
9.8100004196167,-1.3171454668045044,0.07930728793144226
9.819999694824219,-1.3102821111679077,0.07852856069803238
9.829999923706055,-1.3102821111679077,0.07792665809392929
9.84000015258789,-1.2966362237930298,0.07729968428611755
9.850000381469727,-1.2738853693008423,0.0764971524477005
9.859999656677246,-1.2738853693008423,0.07572096586227417
9.869999885559082,-1.2715744972229004,0.07509207725524902
9.880000114440918,-1.2556869983673096,0.07428954541683197
9.890000343322754,-1.2442595958709717,0.07348702102899551
9.899999618530273,-1.2283952236175537,0.07271336019039154
9.90999984741211,-1.2260380983352661,0.07208195328712463
9.920000076293945,-1.2192902565002441,0.07127942144870758
9.930000305175781,-1.2169100046157837,0.07050766795873642
9.9399995803833,-1.2010918855667114,0.06990577280521393
9.949999809265137,-1.1919984817504883,0.06927181780338287
9.960000038146973,-1.189583659172058,0.06850197166204453
9.970000267028809,-1.1828935146331787,0.06790006905794144
9.979999542236328,-1.1713621616363525,0.06726422160863876
9.989999771118164,-1.164695143699646,0.06646168231964111
10,-1.153140664100647,0.06569436192512512
10.010000228881836,-1.144024133682251,0.06505662202835083
10.020000457763672,-1.1282984018325806,0.06429056823253632
10.029999732971191,-1.1282984018325806,0.06368866562843323
10.039999961853027,-1.1166976690292358,0.06308677047491074
10.050000190734863,-1.1101000308990479,0.062446482479572296
10.0600004196167,-1.1075695753097534,0.06168295815587044
10.069999694824219,-1.0919016599655151,0.061041418462991714
10.079999923706055,-1.082808256149292,0.06027916446328163
10.09000015258789,-1.0802432298660278,0.05967726185917854
10.100000381469727,-1.0620332956314087,0.05907536298036575
10.109999656677246,-1.0645984411239624,0.05847346782684326
10.119999885559082,-1.0555050373077393,0.057871561497449875
10.130000114440918,-1.0528937578201294,0.05722621828317642
10.140000343322754,-1.0464000701904297,0.05646776035428047
10.149999618530273,-1.0464000701904297,0.05591057986021042
10.15999984741211,-1.0255672931671143,0.055463969707489014
10.170000076293945,-1.0191082954406738,0.05490804463624954
10.180000305175781,-1.0191082954406738,0.054506778717041016
10.1899995803833,-1.0191082954406738,0.05410550907254219
10.199999809265137,-1.0073226690292358,0.05365636199712753
10.210000038146973,-1.0009099245071411,0.05305446684360504
10.220000267028809,-1.0009099245071411,0.05245256796479225
10.229999542236328,-0.9890896677970886,0.05190044268965721
10.239999771118164,-0.9799731373786926,0.0514487661421299
10.25,-0.9736065864562988,0.050897907465696335
10.260000228881836,-0.9645131826400757,0.05049664527177811
10.270000457763672,-0.9617400765419006,0.05009537562727928
10.279999732971191,-0.946314811706543,0.049641162157058716
10.289999961853027,-0.946314811706543,0.049092844128608704
10.300000190734863,-0.9435070157051086,0.04863736778497696
10.3100004196167,-0.9309357404708862,0.04809030890464783
10.319999694824219,-0.9343905448913574,0.047633565962314606
10.329999923706055,-0.9190230369567871,0.04708778113126755
10.34000015258789,-0.9161691069602966,0.04662976413965225
10.350000381469727,-0.9070525765419006,0.04608524590730667
10.359999656677246,-0.9036902189254761,0.0456259623169899
10.369999885559082,-0.8979360461235046,0.045082710683345795
10.380000114440918,-0.8826263546943665,0.044622164219617844
10.390000343322754,-0.8917197585105896,0.04408017918467522
10.399999618530273,-0.8917197585105896,0.04367890954017639
10.40999984741211,-0.8887849450111389,0.04333882033824921
10.420000076293945,-0.8735213875770569,0.04307637736201286
10.430000305175781,-0.8644279837608337,0.042737554758787155
10.4399995803833,-0.8614584803581238,0.042473845183849335
10.449999809265137,-0.8523419499397278,0.04207257553935051
10.460000038146973,-0.8492106795310974,0.04167131707072258
10.470000267028809,-0.8432254195213318,0.041270047426223755
10.479999542236328,-0.8341089487075806,0.04086877778172493
10.489999771118164,-0.831046998500824,0.0404675118625164
10.5,-0.8371246457099915,0.04006624594330788
10.510000228881836,-0.8371246457099915,0.03966498002409935
10.520000457763672,-0.8280312418937683,0.03933185711503029
10.529999732971191,-0.8249577283859253,0.03906244412064552
10.539999961853027,-0.8189262747764587,0.03873059153556824
10.550000190734863,-0.8158296942710876,0.038529958575963974
10.5600004196167,-0.800727903842926,0.03825864568352699
10.569999694824219,-0.8098213076591492,0.03785737603902817
10.579999923706055,-0.800727903842926,0.037528056651353836
10.59000015258789,-0.800727903842926,0.03732742369174957
10.600000381469727,-0.800727903842926,0.03705357760190964
10.609999656677246,-0.800727903842926,0.03672615811228752
10.619999885559082,-0.7916345000267029,0.03652552142739296
10.630000114440918,-0.7916345000267029,0.0363248847424984
10.640000343322754,-0.7975273132324219,0.03612425550818443
10.649999618530273,-0.7825295329093933,0.035999998450279236
10.65999984741211,-0.7825295329093933,0.035999998450279236
10.670000076293945,-0.7825295329093933,0.035999998450279236
10.680000305175781,-0.7916229367256165,0.035999998450279236
10.6899995803833,-0.7916229963302612,0.035999998450279236
10.699999809265137,-0.785799503326416,0.035999998450279236
10.710000038146973,-0.7883530259132385,0.035999998450279236
10.720000267028809,-0.7858225703239441,0.035999998450279236
10.729999542236328,-0.7916345000267029,0.035999998450279236
10.739999771118164,-0.7916345000267029,0.035999998450279236
10.75,-0.7883068323135376,0.035999998450279236
10.760000228881836,-0.7825295329093933,0.035999998450279236
10.770000457763672,-0.7949737310409546,0.035999998450279236
10.779999732971191,-0.800727903842926,0.035999998450279236
10.789999961853027,-0.800727903842926,0.03608524054288864
10.800000190734863,-0.800727903842926,0.0362858772277832
10.8100004196167,-0.8098213076591492,0.03657301887869835
10.819999694824219,-0.8132298588752747,0.036974288523197174
10.829999923706055,-0.8189262747764587,0.0373755544424057
10.84000015258789,-0.8189262747764587,0.037776824086904526
10.850000381469727,-0.8314629197120667,0.03817809000611305
10.859999656677246,-0.8371246457099915,0.03857935592532158
10.869999885559082,-0.8371246457099915,0.03907093405723572
10.880000114440918,-0.8406025767326355,0.03967283293604851
10.890000343322754,-0.8553230166435242,0.0402747318148613
10.899999618530273,-0.8553230166435242,0.04087663069367409
10.90999984741211,-0.8588355779647827,0.04147852957248688
10.920000076293945,-0.8644279837608337,0.04198695346713066
10.930000305175781,-0.8770570755004883,0.04248233139514923
10.9399995803833,-0.8826263546943665,0.04308423027396202
10.949999809265137,-0.8826264142990112,0.04368612915277481
10.960000038146973,-0.8917197585105896,0.0442880317568779
10.970000267028809,-0.9043950438499451,0.04488993063569069
10.979999542236328,-0.9099180698394775,0.04549183323979378
10.989999771118164,-0.9099181294441223,0.04599582031369209
11,-0.9099180698394775,0.04649563133716583
11.010000228881836,-0.9135462045669556,0.04699835181236267
11.020000457763672,-0.9317561388015747,0.04749942943453789
11.029999732971191,-0.9372214078903198,0.04800088703632355
11.039999961853027,-0.946314811706543,0.04850322753190994
11.050000190734863,-0.946314811706543,0.049003418534994125
11.0600004196167,-0.9590941071510315,0.04940468445420265
11.069999694824219,-0.9645131826400757,0.04980595409870148
11.079999923706055,-0.9682222008705139,0.050310831516981125
11.09000015258789,-0.9736181497573853,0.050808485597372055
11.100000381469727,-0.9827115535736084,0.05131462588906288
11.109999656677246,-0.9827115535736084,0.05191652849316597
11.119999885559082,-0.9827115535736084,0.05251842737197876
11.130000114440918,-0.9955717325210571,0.053013551980257034
11.140000343322754,-0.991816520690918,0.05341482162475586
11.149999618530273,-1.0009099245071411,0.053816087543964386
11.15999984741211,-1.004711389541626,0.05421735346317291
11.170000076293945,-1.0191082954406738,0.05461861938238144
11.180000305175781,-1.0229328870773315,0.05501988157629967
11.1899995803833,-1.0373066663742065,0.05542115122079849
11.199999809265137,-1.0373066663742065,0.05582242086529732
11.210000038146973,-1.0502592325210571,0.05633552744984627
11.220000267028809,-1.0555050373077393,0.056824952363967896
11.229999542236328,-1.0425293445587158,0.05722621828317642
11.239999771118164,-1.0502939224243164,0.057741228491067886
11.25,-1.0594104528427124,0.058343127369880676
11.260000228881836,-1.073703408241272,0.05883001536130905
11.270000457763672,-1.073703408241272,0.05934692919254303
11.279999732971191,-1.0776435136795044,0.06006510555744171
11.289999961853027,-1.0828083753585815,0.06075073033571243
11.300000190734863,-1.0919016599655151,0.06123508885502815
11.3100004196167,-1.1049697399139404,0.06175452843308449
11.319999694824219,-1.1101000308990479,0.062237612903118134
11.329999923706055,-1.1101000308990479,0.06263888627290726
11.34000015258789,-1.1141093969345093,0.0631602331995964
11.350000381469727,-1.1282984018325806,0.0637621283531189
11.359999656677246,-1.1282984018325806,0.06436403095722198
11.369999885559082,-1.1282984018325806,0.06496592611074448
11.380000114440918,-1.1414474248886108,0.06544521450996399
11.390000343322754,-1.1555901765823364,0.06584648787975311
11.399999618530273,-1.1505755186080933,0.0663716271519661
11.40999984741211,-1.164695143699646,0.06684902310371399
11.420000076293945,-1.1687970161437988,0.06737542897462845
11.430000305175781,-1.1828935146331787,0.06797733157873154
11.4399995803833,-1.1870185136795044,0.06857923418283463
11.449999809265137,-1.1919984817504883,0.06905408203601837
11.460000038146973,-1.2010918855667114,0.06958302855491638
11.470000267028809,-1.2010918855667114,0.07005662471055984
11.479999542236328,-1.2010918855667114,0.07058683037757874
11.489999771118164,-1.2052747011184692,0.07105915248394012
11.5,-1.232577919960022,0.07159063220024109
11.510000228881836,-1.2374886274337769,0.07219252735376358
11.520000457763672,-1.2374886274337769,0.07279442250728607
11.529999732971191,-1.2417175769805908,0.07339632511138916
11.539999961853027,-1.2556869983673096,0.07399822026491165
11.550000190734863,-1.2556869983673096,0.07460012286901474
11.5600004196167,-1.269044041633606,0.07506801933050156
11.569999694824219,-1.278160572052002,0.07560393214225769
11.579999923706055,-1.2829903364181519,0.07620582729578018
11.59000015258789,-1.292083740234375,0.07680772989988327
11.600000381469727,-1.2963935136795044,0.07740963250398636
11.609999656677246,-1.2968673706054688,0.07801152765750885
11.619999885559082,-1.3055100440979004,0.07861342281103134
11.630000114440918,-1.3146265745162964,0.07907687872648239
11.640000343322754,-1.3284803628921509,0.0796172246336937
11.649999618530273,-1.3328479528427124,0.08021912723779678
11.65999984741211,-1.3375853300094604,0.08082102984189987
11.670000076293945,-1.346678614616394,0.08142292499542236
11.680000305175781,-1.3466787338256836,0.08202482759952545
11.6899995803833,-1.3555063009262085,0.08262673020362854
11.699999809265137,-1.3695566654205322,0.08308574557304382
11.710000038146973,-1.3693140745162964,0.0836305245757103
11.720000267028809,-1.3830755949020386,0.0840882882475853
11.729999542236328,-1.383075475692749,0.08463432639837265
11.739999771118164,-1.3875471353530884,0.08509081602096558
11.75,-1.4012738466262817,0.085638128221035
11.760000228881836,-1.4012738466262817,0.08609335124492645
11.770000457763672,-1.4103672504425049,0.08664193004369736
11.779999732971191,-1.4148850440979004,0.08709588646888733
11.789999961853027,-1.4240015745162964,0.08764573186635971
11.800000190734863,-1.4376705884933472,0.08809841424226761
11.8100004196167,-1.442223072052002,0.08864952623844147
11.819999694824219,-1.4467755556106567,0.08910095691680908
11.829999923706055,-1.4467755556106567,0.08950222283601761
11.84000015258789,-1.4558689594268799,0.08990348130464554
11.850000381469727,-1.4558688402175903,0.09030474722385406
11.859999656677246,-1.4604791402816772,0.09070601314306259
11.869999885559082,-1.4694455862045288,0.09110728651285172
11.880000114440918,-1.46050226688385,0.09150855243206024
11.890000343322754,-1.4740673303604126,0.09190981835126877
11.899999618530273,-1.4831607341766357,0.0923110842704773
11.90999984741211,-1.4878288507461548,0.09271235018968582
11.920000076293945,-1.4922658205032349,0.09311360865831375
11.930000305175781,-1.4922657012939453,0.09351487457752228
11.9399995803833,-1.5013591051101685,0.0939161479473114
11.949999809265137,-1.5060733556747437,0.09431741386651993
11.960000038146973,-1.510464072227478,0.09471867978572845
11.970000267028809,-1.510464072227478,0.09511995315551758
11.979999542236328,-1.5152130126953125,0.0955212265253067
11.989999771118164,-1.5286625623703003,0.09592248499393463
12,-1.533434510231018,0.09632375091314316
12.010000228881836,-1.5377674102783203,0.09672501683235168
12.020000457763672,-1.5468608140945435,0.09712628275156021
12.029999732971191,-1.5468608140945435,0.09769132733345032
12.039999961853027,-1.5468608140945435,0.09812881797552109
12.050000190734863,-1.5607839822769165,0.09869512170553207
12.0600004196167,-1.5650590658187866,0.09913134574890137
12.069999694824219,-1.5650590658187866,0.09953261911869049
12.079999923706055,-1.579016923904419,0.09993388503789902
12.09000015258789,-1.5923508405685425,0.10033515840768814
12.100000381469727,-1.5832574367523193,0.10073641687631607
12.109999656677246,-1.5923508405685425,0.1011376902461052
12.119999885559082,-1.5972615480422974,0.10153895616531372
12.130000114440918,-1.601455807685852,0.10194021463394165
12.140000343322754,-1.601455807685852,0.10234147310256958
12.149999618530273,-1.601455807685852,0.10257136821746826
12.15999984741211,-1.6155061721801758,0.102944016456604
12.170000076293945,-1.6196541786193848,0.10334528982639313
12.180000305175781,-1.6196541786193848,0.10374654829502106
12.1899995803833,-1.6337392330169678,0.10414780676364899
12.199999809265137,-1.6378525495529175,0.10472362488508224
12.210000038146973,-1.6378525495529175,0.10515034198760986
12.220000267028809,-1.6378525495529175,0.105727419257164
12.229999542236328,-1.6519837379455566,0.10615288466215134
12.239999771118164,-1.6560509204864502,0.10673122107982635
12.25,-1.6702052354812622,0.10715541988611221
12.260000228881836,-1.674249291419983,0.1077350303530693
12.270000457763672,-1.679333209991455,0.1083369255065918
12.279999732971191,-1.6924476623535156,0.10893882811069489
12.289999961853027,-1.6975547075271606,0.10954073071479797
12.300000190734863,-1.7015526294708252,0.11032349616289139
12.3100004196167,-1.7106460332870483,0.11094452440738678
12.319999694824219,-1.7106460332870483,0.11154641956090927
12.329999923706055,-1.715799331665039,0.11233110725879669
12.34000015258789,-1.728844404220581,0.11295022070407867
12.350000381469727,-1.7379378080368042,0.11336807906627655
12.359999656677246,-1.7483137845993042,0.11395402252674103
12.369999885559082,-1.7561477422714233,0.11455592513084412
12.380000114440918,-1.7652411460876465,0.11497187614440918
12.390000343322754,-1.7652411460876465,0.11555972695350647
12.399999618530273,-1.7795686721801758,0.11616161465644836
12.40999984741211,-1.7834395170211792,0.11676351726055145
12.420000076293945,-1.7834395170211792,0.11717694252729416
12.430000305175781,-1.7978017330169678,0.11757821589708328
12.4399995803833,-1.8016376495361328,0.11797947436571121
12.449999809265137,-1.8160231113433838,0.11857111752033234
12.460000038146973,-1.810742735862732,0.11898201704025269
12.470000267028809,-1.810742735862732,0.11938328295946121
12.479999542236328,-1.8251627683639526,0.11997682601213455
12.489999771118164,-1.8289411067962646,0.12057872116565704
12.5,-1.8326847553253174,0.12098708748817444
12.510000228881836,-1.825197458267212,0.12138834595680237
12.520000457763672,-1.8380345106124878,0.12198442220687866
12.529999732971191,-1.8434189558029175,0.12239088118076324
12.539999961853027,-1.8562328815460205,0.12279215455055237
12.550000190734863,-1.8562328815460205,0.1231934130191803
12.5600004196167,-1.8562328815460205,0.12359468638896942
12.569999694824219,-1.8616634607315063,0.12399594485759735
12.579999923706055,-1.8598955869674683,0.12439721077680588
12.59000015258789,-1.8707799911499023,0.124798484146595
12.600000381469727,-1.8744312524795532,0.1252007633447647
12.609999656677246,-1.8799080848693848,0.125601127743721
12.619999885559082,-1.8835362195968628,0.12580353021621704
12.630000114440918,-1.892629623413086,0.12620241940021515
12.640000343322754,-1.892629623413086,0.12640303373336792
12.649999618530273,-1.8981527090072632,0.12660734355449677
12.65999984741211,-1.9017345905303955,0.1270086169242859
12.670000076293945,-1.9108279943466187,0.12740494310855865
12.680000305175781,-1.9017345905303955,0.1276055872440338
12.6899995803833,-1.9199213981628418,0.12780621647834778
12.699999809265137,-1.9108279943466187,0.12800684571266174
12.710000038146973,-1.9108279943466187,0.1282074898481369
12.720000267028809,-1.9199213981628418,0.12840810418128967
12.729999542236328,-1.9199213981628418,0.12861748039722443
12.739999771118164,-1.9255485534667969,0.12901873886585236
12.75,-1.9290263652801514,0.12940998375415802
12.760000228881836,-1.9290263652801514,0.12961064279079437
12.770000457763672,-1.9437814950942993,0.12981125712394714
12.779999732971191,-1.947224736213684,0.12999999523162842
12.789999961853027,-1.9415398836135864,0.13001254200935364
12.800000190734863,-1.943816065788269,0.1302131712436676
12.8100004196167,-1.9472246170043945,0.13041380047798157
12.819999694824219,-1.947224736213684,0.13062886893749237
12.829999923706055,-1.947224736213684,0.1310301423072815
12.84000015258789,-1.9529672861099243,0.1314156949520111
12.850000381469727,-1.9654231071472168,0.13161633908748627
12.859999656677246,-1.9654231071472168,0.13183395564556122
12.869999885559082,-1.9654231071472168,0.13221760094165802
12.880000114440918,-1.9654231071472168,0.13241824507713318
12.890000343322754,-1.9654229879379272,0.13261888921260834
12.899999618530273,-1.97451651096344,0.13283902406692505
12.90999984741211,-1.9712464809417725,0.1332201361656189
12.920000076293945,-1.9836214780807495,0.13342076539993286
12.930000305175781,-1.9836214780807495,0.1336214244365692
12.9399995803833,-1.9836214780807495,0.13382203876972198
12.949999809265137,-1.9894912242889404,0.1340000033378601
12.960000038146973,-1.9868451356887817,0.1340000033378601
12.970000267028809,-1.9836214780807495,0.1340000033378601
12.979999542236328,-1.9986191987991333,0.1340000033378601
12.989999771118164,-1.992726445198059,0.1340252161026001
13,-1.992726445198059,0.13422584533691406
13.010000228881836,-2.0018198490142822,0.13442647457122803
13.020000457763672,-2.0018198490142822,0.134627103805542
13.029999732971191,-2.0018198490142822,0.13482773303985596
13.039999961853027,-2.0018198490142822,0.13500000536441803
13.050000190734863,-2.010913133621216,0.13500000536441803
13.0600004196167,-2.0018198490142822,0.1350296437740326
13.069999694824219,-2.0018198490142822,0.13523027300834656
13.079999923706055,-2.0078396797180176,0.13543091714382172
13.09000015258789,-2.013986587524414,0.13563154637813568
13.100000381469727,-2.0018198490142822,0.13583217561244965
13.109999656677246,-2.0018198490142822,0.13600000739097595
13.119999885559082,-2.0018198490142822,0.13600000739097595
13.130000114440918,-2.0018198490142822,0.13600000739097595
13.140000343322754,-1.992726445198059,0.13596530258655548
13.149999618530273,-2.0018198490142822,0.13576465845108032
13.15999984741211,-2.0018198490142822,0.13556402921676636
13.170000076293945,-1.9866026639938354,0.1353267878293991
13.180000305175781,-1.9927148818969727,0.13488829135894775
13.1899995803833,-1.9836214780807495,0.13432426750659943
13.199999809265137,-1.9836214780807495,0.1338844895362854
13.210000038146973,-1.9774514436721802,0.13324345648288727
13.220000267028809,-1.9654231071472168,0.1324806958436966
13.229999542236328,-1.9654231071472168,0.13191919028759003
13.239999771118164,-1.9654231071472168,0.13147687911987305
13.25,-1.9592067003250122,0.13091665506362915
13.260000228881836,-1.947224736213684,0.13051539659500122
13.270000457763672,-1.947224736213684,0.1301141232252121
13.279999732971191,-1.9318803548812866,0.12971284985542297
13.289999961853027,-1.9290263652801514,0.12931159138679504
13.300000190734863,-1.913658857345581,0.12891033291816711
13.3100004196167,-1.9262070655822754,0.128509059548378
13.319999694824219,-1.9136358499526978,0.12810778617858887
13.329999923706055,-1.9108279943466187,0.12770651280879974
13.34000015258789,-1.9045076370239258,0.12730525434017181
13.350000381469727,-1.892629623413086,0.1268559992313385
13.359999656677246,-1.892629623413086,0.12630273401737213
13.369999885559082,-1.8862746953964233,0.12585218250751495
13.380000114440918,-1.8744312524795532,0.12520039081573486
13.390000343322754,-1.8744312524795532,0.12444838881492615
13.399999618530273,-1.8680416345596313,0.12384648621082306
13.40999984741211,-1.8562328815460205,0.12319277971982956
13.420000076293945,-1.8498201370239258,0.1223902478814125
13.430000305175781,-1.8380345106124878,0.12158770859241486
13.4399995803833,-1.822505235671997,0.1207851842045784
13.449999809265137,-1.8198360204696655,0.11998265236616135
13.460000038146973,-1.8133771419525146,0.1191801130771637
13.470000267028809,-1.8016377687454224,0.11837757378816605
13.479999542236328,-1.8016377687454224,0.11763128638267517
13.489999771118164,-1.786050796508789,0.11697250604629517
13.5,-1.7834395170211792,0.1161699891090393
13.510000228881836,-1.774346113204956,0.11542558670043945
13.520000457763672,-1.7678178548812866,0.11482367664575577
13.529999732971191,-1.7587013244628906,0.114162378013134
13.539999961853027,-1.7404913902282715,0.11335984617471695
13.550000190734863,-1.728844404220581,0.11261799186468124
13.5600004196167,-1.728844404220581,0.11195477843284607
13.569999694824219,-1.719751000404358,0.11115223914384842
13.579999923706055,-1.71315336227417,0.11034971475601196
13.59000015258789,-1.7040369510650635,0.10954718291759491
13.600000381469727,-1.6924476623535156,0.10874465107917786
13.609999656677246,-1.6767219305038452,0.10787764191627502
13.619999885559082,-1.6651558876037598,0.106874480843544
13.630000114440918,-1.6585004329681396,0.10587131977081299
13.640000343322754,-1.64029061794281,0.10486814379692078
13.649999618530273,-1.6378525495529175,0.10379796475172043
13.65999984741211,-1.6311625242233276,0.10266181826591492
13.670000076293945,-1.6038590669631958,0.1016586497426033
13.680000305175781,-1.5947426557540894,0.10065547376871109
13.6899995803833,-1.5832574367523193,0.09965231269598007
13.699999809265137,-1.5765211582183838,0.09864914417266846
13.710000038146973,-1.5583112239837646,0.09764597564935684
13.720000267028809,-1.5468608140945435,0.09664280712604523
13.729999542236328,-1.5400898456573486,0.09563963860273361
13.739999771118164,-1.5286624431610107,0.09470917284488678
13.75,-1.521868348121643,0.09390665590763092
13.760000228881836,-1.510464072227478,0.09310411661863327
13.770000457763672,-1.494553565979004,0.09230158478021622
13.779999732971191,-1.485437035560608,0.09149904549121857
13.789999961853027,-1.4740673303604126,0.09069651365280151
13.800000190734863,-1.4672155380249023,0.08989397436380386
13.8100004196167,-1.4558689594268799,0.08909144997596741
13.819999694824219,-1.4399006366729736,0.08836668729782104
13.829999923706055,-1.4307841062545776,0.08776479214429855
13.84000015258789,-1.4263702630996704,0.0870838537812233
13.850000381469727,-1.4125741720199585,0.08636099100112915
13.859999656677246,-1.4034576416015625,0.08575908839702606
13.869999885559082,-1.3921804428100586,0.08507625013589859
13.880000114440918,-1.39432954788208,0.08435529470443726
13.890000343322754,-1.383075475692749,0.08375339210033417
13.899999618530273,-1.383075475692749,0.08306865394115448
13.90999984741211,-1.367003083229065,0.08234959095716476
13.920000076293945,-1.3578866720199585,0.08174768835306168
13.930000305175781,-1.3466787338256836,0.08106105029582977
13.9399995803833,-1.3466787338256836,0.08034388720989227
13.949999809265137,-1.3396536111831665,0.07974199205636978
13.960000038146973,-1.3284803628921509,0.07914009690284729
13.970000267028809,-1.321432113647461,0.0785381868481636
13.979999542236328,-1.3102821111679077,0.07793629169464111
13.989999771118164,-1.3193755149841309,0.07733438909053802
14,-1.3011887073516846,0.07673249393701553
14.010000228881836,-1.294094204902649,0.07613059133291245
14.020000457763672,-1.284977674484253,0.07552868872880936
14.029999732971191,-1.2738853693008423,0.07492678612470627
14.039999961853027,-1.266756296157837,0.07432489097118378
14.050000190734863,-1.2647804021835327,0.07372298836708069
14.0600004196167,-1.2556869983673096,0.07302812486886978
14.069999694824219,-1.248523235321045,0.07231919467449188
14.079999923706055,-1.2374886274337769,0.0717172920703888
14.09000015258789,-1.2303017377853394,0.07102052122354507
14.100000381469727,-1.2192902565002441,0.07031349837779999
14.109999656677246,-1.2029868364334106,0.0697115883231163
14.119999885559082,-1.2010918855667114,0.06901291757822037
14.130000114440918,-1.2010918855667114,0.0683077946305275
14.140000343322754,-1.1938471794128418,0.06770589202642441
14.149999618530273,-1.1828935146331787,0.06700532138347626
14.15999984741211,-1.166532278060913,0.06620278209447861
14.170000076293945,-1.157415747642517,0.06540025025606155
14.180000305175781,-1.1555901765823364,0.0645977184176445
14.1899995803833,-1.1464967727661133,0.06379518657922745
14.199999809265137,-1.130089282989502,0.0629926547408104
14.210000038146973,-1.1209728717803955,0.06219011917710304
14.220000267028809,-1.1101000308990479,0.06138758733868599
14.229999542236328,-1.0936579704284668,0.060585055500268936
14.239999771118164,-1.0919016599655151,0.059782519936561584
14.25,-1.0919016599655151,0.05897998809814453
14.260000228881836,-1.0680416822433472,0.058283090591430664
14.270000457763672,-1.0555050373077393,0.057681187987327576
14.279999732971191,-1.0555050373077393,0.056972384452819824
14.289999961853027,-1.0480870008468628,0.05627739056944847
14.300000190734863,-1.0373066663742065,0.05567549169063568
14.3100004196167,-1.0373066663742065,0.054964788258075714
14.319999694824219,-1.0298540592193604,0.05427169054746628
14.329999923706055,-1.0191082954406738,0.05366979166865349
14.34000015258789,-1.002539038658142,0.052957192063331604
14.350000381469727,-0.9934225678443909,0.052265990525484085
14.359999656677246,-0.9827115535736084,0.051664087921381
14.369999885559082,-0.9827115535736084,0.051062192767858505
14.380000114440918,-0.9827115535736084,0.05046029016375542
14.390000343322754,-0.9751780033111572,0.049972258508205414
14.399999618530273,-0.9645131826400757,0.04945648834109306
14.40999984741211,-0.9645131826400757,0.048969727009534836
14.420000076293945,-0.9478515982627869,0.04845269396901131
14.430000305175781,-0.947828471660614,0.04796719178557396
14.4399995803833,-0.9448011517524719,0.04756592586636543
14.449999809265137,-0.938711941242218,0.047164659947156906
14.460000038146973,-0.9205020070075989,0.04676339402794838
14.470000267028809,-0.9190114736557007,0.04636212810873985
14.479999542236328,-0.9190114736557007,0.045960862189531326
14.489999771118164,-0.9099180698394775,0.0455595962703228
14.5,-0.9022574424743652,0.04515833035111427
14.510000228881836,-0.9084852933883667,0.044757064431905746
14.520000457763672,-0.9099180698394775,0.04435579478740692
14.529999732971191,-0.8931294083595276,0.043954528868198395
14.539999961853027,-0.8917197585105896,0.04355325922369957
14.550000190734863,-0.874907910823822,0.04315199330449104
14.5600004196167,-0.8735213875770569,0.042750727385282516
14.569999694824219,-0.8735213875770569,0.04234946146607399
14.579999923706055,-0.865768313407898,0.04194819554686546
14.59000015258789,-0.8553230166435242,0.04142039269208908
14.600000381469727,-0.8553230166435242,0.04094566032290459
14.609999656677246,-0.847535252571106,0.040416594594717026
14.619999885559082,-0.8540173768997192,0.03994312882423401
14.630000114440918,-0.8384187817573547,0.03954186290502548
14.640000343322754,-0.8371246457099915,0.039140596985816956
14.649999618530273,-0.8280312418937683,0.03873933106660843
14.65999984741211,-0.8201857209205627,0.038338061422109604
14.670000076293945,-0.8189262747764587,0.03793679550290108
14.680000305175781,-0.8098328709602356,0.03740329295396805
14.6899995803833,-0.8019526600837708,0.0369342640042305
14.699999809265137,-0.800727903842926,0.036399491131305695
14.710000038146973,-0.7928246259689331,0.03593172878026962
14.720000267028809,-0.7916229367256165,0.0355304591357708
14.729999542236328,-0.7825295329093933,0.03512919321656227
14.739999771118164,-0.7654982209205627,0.03459189087152481
14.75,-0.7643312215805054,0.03412666171789169
14.760000228881836,-0.7643312215805054,0.033588096499443054
14.770000457763672,-0.7643312215805054,0.032986193895339966
14.779999732971191,-0.7563470602035522,0.032384295016527176
14.789999961853027,-0.7381371259689331,0.03192159906029701
14.800000190734863,-0.7370278835296631,0.031520333141088486
14.8100004196167,-0.7370278835296631,0.03111906349658966
14.819999694824219,-0.7279344797134399,0.030576692894101143
14.829999923706055,-0.7107990980148315,0.030116530135273933
14.84000015258789,-0.7016825675964355,0.029572894796729088
14.850000381469727,-0.7006311416625977,0.02882799133658409
14.859999656677246,-0.6915377378463745,0.028169093653559685
14.869999885559082,-0.6915377378463745,0.027567192912101746
14.880000114440918,-0.6824443340301514,0.026820391416549683
14.890000343322754,-0.6662217974662781,0.026163393631577492
14.899999618530273,-0.6632638573646545,0.025561494752764702
14.90999984741211,-0.6561116576194763,0.024812793359160423
14.920000076293945,-0.6551410555839539,0.024157695472240448
14.930000305175781,-0.6378901600837708,0.023703863844275475
14.9399995803833,-0.6369426846504211,0.023153895512223244
14.949999809265137,-0.6287620663642883,0.022551994770765305
14.960000038146973,-0.6187443137168884,0.021950094029307365
14.970000267028809,-0.6105405688285828,0.021348193287849426
14.979999542236328,-0.6005459427833557,0.020595058798789978
14.989999771118164,-0.6005459427833557,0.01994439586997032
15,-0.5832141637802124,0.019342495128512383
15.010000228881836,-0.582347571849823,0.018740594387054443
15.020000457763672,-0.5649926662445068,0.018138695508241653
15.029999732971191,-0.5641492009162903,0.017536796629428864
15.039999961853027,-0.5558646321296692,0.016779862344264984
15.050000190734863,-0.5459508299827576,0.01613299734890461
15.0600004196167,-0.5459508299827576,0.015687396749854088
15.069999694824219,-0.5459508299827576,0.01512919645756483
15.079999923706055,-0.5285266637802124,0.01468486338853836
15.09000015258789,-0.5277525186538696,0.01428359653800726
15.100000381469727,-0.5186591148376465,0.013882330618798733
15.109999656677246,-0.5102936625480652,0.013481064699590206
15.119999885559082,-0.5095541477203369,0.013239898718893528
15.130000114440918,-0.5004607439041138,0.012878531590104103
15.140000343322754,-0.5011540055274963,0.012638632208108902
15.149999618530273,-0.4913557767868042,0.012438000179827213
15.15999984741211,-0.4913557767868042,0.012074731290340424
15.170000076293945,-0.48292097449302673,0.011673464439809322
15.180000305175781,-0.4906971752643585,0.01143609918653965
15.1899995803833,-0.47380444407463074,0.011235466226935387
15.199999809265137,-0.4731574058532715,0.011034832336008549
15.210000038146973,-0.4731574058532715,0.010999999940395355
15.220000267028809,-0.4731574058532715,0.010833565145730972
15.229999542236328,-0.4731574058532715,0.010632931254804134
15.239999771118164,-0.4731574058532715,0.010432298295199871
15.25,-0.45553675293922424,0.01006333064287901
15.260000228881836,-0.45495903491973877,0.009662063792347908
15.270000457763672,-0.4464087188243866,0.009260797873139381
15.279999732971191,-0.4458540678024292,0.00885953102260828
15.289999961853027,-0.4281872510910034,0.008287397213280201
15.300000190734863,-0.4185623228549957,0.007685497868806124
15.3100004196167,-0.4008723497390747,0.006739329546689987
15.319999694824219,-0.400363951921463,0.005736162886023521
15.329999923706055,-0.3740312159061432,0.004386194050312042
15.34000015258789,-0.34624260663986206,0.0028077263850718737
15.350000381469727,-0.3280327022075653,0.0010279924608767033
15.359999656677246,-0.30116844177246094,-0.0007777073187753558
15.369999885559082,0.003778328187763691,-0.0027593413833528757
15.380000114440918,-0.01163539756089449,-0.0045891073532402515
15.390000343322754,0.4748905897140503,-0.006040405016392469
15.399999618530273,2.756976842880249,-0.007089170627295971
15.40999984741211,2.546095132827759,-0.007378468289971352
15.420000076293945,0.22821320593357086,-0.007041798904538155
15.430000305175781,0.183323934674263,-0.0062810638919472694
15.4399995803833,0.003940089605748653,-0.005117796361446381
15.449999809265137,0.009763565845787525,-0.003732995828613639
15.460000038146973,-0.2319222390651703,-0.002510196529328823
15.470000267028809,-0.28208038210868835,-0.0013063965598121285
15.479999542236328,-0.29087337851524353,-0.0002854971098713577
15.489999771118164,-0.30027875304222107,0.0005341355572454631
15.5,-0.31846556067466736,0.0011525016743689775
15.510000228881836,-0.3272932171821594,0.0015696011250838637
15.520000457763672,-0.31873130798339844,0.0017854338511824608
15.529999732971191,-0.31822293996810913,0.0019860672764480114
15.539999961853027,-0.32757052779197693,0.0020000000949949026
15.550000190734863,-0.32757052779197693,0.0018126663053408265
15.5600004196167,-0.309591680765152,0.001424065907485783
15.569999694824219,-0.30047518014907837,0.0008341989014297724
15.579999923706055,-0.2911737859249115,0.00004306518894736655
15.59000015258789,-0.2822537124156952,-0.000949334935285151
15.600000381469727,-0.1109117940068245,-0.0021430018823593855
15.609999656677246,0.035264380276203156,-0.0031556678004562855
15.619999885559082,0.03639672324061394,-0.0043506016954779625
15.630000114440918,0.07238904386758804,-0.005362000782042742
15.640000343322754,0.2167973816394806,-0.006365167908370495
15.649999618530273,0.9228475689888,-0.0069810012355446815
15.65999984741211,1.5276108980178833,-0.007388600613921881
15.670000076293945,0.5868769288063049,-0.007205066736787558
15.680000305175781,0.1288328468799591,-0.007004433777183294
15.6899995803833,0.036674030125141144,-0.006411400157958269
15.699999809265137,0.03639672324061394,-0.005612666718661785
15.710000038146973,0.00918583944439888,-0.004810133017599583
15.720000267028809,0.027257101610302925,-0.0040075997821986675
15.729999542236328,-0.05446798726916313,-0.0035031666047871113
15.739999771118164,-0.2546846270561218,-0.003001583507284522
