Time (s),Ay (m/s²),Fᵧ (N)
2.4800000190734863,-15.314623832702637,-1.0045486688613892
2.490000009536743,-15.303866386413574,-1.0045486688613892
2.5,-15.272454261779785,-0.9954494833946228
2.509999990463257,-15.22957992553711,-0.9954494833946228
2.5199999809265137,-15.177473068237305,-0.9590528011322021
2.5299999713897705,-15.06491470336914,-0.9499536156654358
2.5399999618530273,-14.910653114318848,-0.9226560592651367
2.549999952316284,-14.740609169006348,-0.8862593173980713
2.559999942779541,-14.49795150756836,-0.8498626351356506
2.569999933242798,-14.20948600769043,-0.7861683368682861
2.5799999237060547,-13.874530792236328,-0.731573224067688
2.5899999141693115,-13.457499504089355,-0.6769781708717346
2.5999999046325684,-13.061070442199707,-0.6041847467422485
2.609999895095825,-12.655445098876953,-0.5495896339416504
2.619999885559082,-12.254050254821777,-0.4767961800098419
2.630000114440918,-11.791799545288086,-0.3858043849468231
2.640000104904175,-11.282804489135742,-0.31301093101501465
2.6500000953674316,-10.834626197814941,-0.24021747708320618
2.6600000858306885,-10.377948760986328,-0.1674240380525589
2.6700000762939453,-9.863971710205078,-0.09463059157133102
2.680000066757202,-9.390036582946777,-0.0036387834697961807
2.690000057220459,-8.968052864074707,0.06915466487407684
2.700000047683716,-8.51613998413086,0.14194810390472412
2.7100000381469727,-8.087456703186035,0.2329399138689041
2.7200000286102295,-7.672896862030029,0.28753501176834106
2.7300000190734863,-7.305992603302002,0.3694276213645935
2.740000009536743,-6.916646480560303,0.4331218898296356
2.75,-6.5606303215026855,0.5150145292282104
2.759999990463257,-6.222148418426514,0.5787087678909302
2.7699999809265137,-5.900721549987793,0.6424030661582947
2.7799999713897705,-5.637197971343994,0.6878989338874817
2.7899999618530273,-5.368940830230713,0.7606924176216125
2.799999952316284,-5.1238322257995605,0.8061883449554443
2.809999942779541,-4.900981903076172,0.8516842126846313
2.819999933242798,-4.684911727905273,0.8880809545516968
2.8299999237060547,-4.549382209777832,0.9244776368141174
2.8399999141693115,-4.433897018432617,0.9426760077476501
2.8499999046325684,-4.334105968475342,0.9608743786811829
2.859999895095825,-4.278726577758789,0.9790727496147156
2.869999885559082,-4.26362419128418,0.9790727496147156
2.880000114440918,-4.261330604553223,0.9972711205482483
2.890000104904175,-4.320225238800049,0.9790727496147156
2.9000000953674316,-4.393637657165527,0.9790727496147156
2.9100000858306885,-4.492882251739502,0.9608743786811829
2.9200000762939453,-4.624855041503906,0.9426760077476501
2.930000066757202,-4.817051410675049,0.9153785109519958
2.940000057220459,-5.04938268661499,0.8880809545516968
2.950000047683716,-5.285298824310303,0.8516842126846313
2.9600000381469727,-5.585793495178223,0.797089159488678
2.9700000286102295,-5.860138416290283,0.7333948612213135
2.9800000190734863,-6.168074607849121,0.6697006225585938
2.990000009536743,-6.526231288909912,0.6151055097579956
3,-6.892790794372559,0.5423120856285095
3.009999990463257,-7.259676933288574,0.46951860189437866
3.0199999809265137,-7.6644110679626465,0.40582436323165894
3.0299999713897705,-8.113814353942871,0.3421300947666168
3.0399999618530273,-8.538780212402344,0.26933664083480835
3.049999952316284,-8.995924949645996,0.17834483087062836
3.059999942779541,-9.441214561462402,0.09645220637321472
3.069999933242798,-9.929624557495117,0.014559579081833363
3.0799999237060547,-10.418761253356934,-0.05823386833071709
3.0899999141693115,-10.85945987701416,-0.13102731108665466
3.0999999046325684,-11.274628639221191,-0.20382076501846313
3.109999895095825,-11.784602165222168,-0.2766141891479492
3.119999885559082,-12.18984317779541,-0.3494076430797577
3.130000114440918,-12.573352813720703,-0.42220109701156616
3.140000104904175,-12.939981460571289,-0.49499452114105225
3.1500000953674316,-13.325113296508789,-0.5677880048751831
3.1600000858306885,-13.687394142150879,-0.6223830580711365
3.1700000762939453,-14.01678466796875,-0.6951765418052673
3.180000066757202,-14.33969497680664,-0.7406724095344543
3.190000057220459,-14.575366973876953,-0.7952675223350525
3.200000047683716,-14.769000053405762,-0.8498626351356506
3.2100000381469727,-14.942211151123047,-0.8771601319313049
3.2200000286102295,-15.08671760559082,-0.9226560592651367
3.2300000190734863,-15.184243202209473,-0.9408544301986694
3.240000009536743,-15.248663902282715,-0.9590528011322021
3.25,-15.299735069274902,-0.9681519865989685
3.259999990463257,-15.31257438659668,-0.9863502979278564
3.2699999809265137,-15.331209182739258,-0.9863502979278564
3.2799999713897705,-15.306841850280762,-0.9772511124610901
3.2899999618530273,-15.27838134765625,-0.9681519269943237
3.299999952316284,-15.197663307189941,-0.9590528011322021
3.309999942779541,-15.078805923461914,-0.9226560592651367
3.319999933242798,-14.943414688110352,-0.904457688331604
3.3299999237060547,-14.782376289367676,-0.8771601319313049
3.3399999141693115,-14.575032234191895,-0.8316642642021179
3.3499999046325684,-14.31857681274414,-0.7952675223350525
3.359999895095825,-14.01417064666748,-0.7406724095344543
3.369999885559082,-13.649369239807129,-0.686077356338501
3.380000114440918,-13.260224342346191,-0.6314822435379028
3.390000104904175,-12.889398574829102,-0.5677880048751831
3.4000000953674316,-12.469022750854492,-0.49499452114105225
3.4100000858306885,-12.038578033447266,-0.42220109701156616
3.4200000762939453,-11.578043937683105,-0.3494076430797577
3.430000066757202,-11.090344429016113,-0.29481256008148193
3.440000057220459,-10.641792297363281,-0.20382076501846313
3.450000047683716,-10.19775676727295,-0.11282894760370255
3.4600000381469727,-9.693805694580078,-0.04003550484776497
3.4700000286102295,-9.251903533935547,0.03275793790817261
3.4800000190734863,-8.81856632232666,0.1237497478723526
3.490000009536743,-8.383213996887207,0.19654318690299988
3.5,-7.986147403717041,0.26933664083480835
3.509999990463257,-7.587312698364258,0.3421300947666168
3.5199999809265137,-7.203399658203125,0.4331218898296356
3.5299999713897705,-6.866185665130615,0.49681615829467773
3.5399999618530273,-6.510176181793213,0.5605103969573975
3.549999952316284,-6.173632621765137,0.624204695224762
3.559999942779541,-5.877551555633545,0.6878989338874817
3.569999933242798,-5.610703945159912,0.7424940466880798
3.5799999237060547,-5.346104621887207,0.7879899740219116
3.5899999141693115,-5.104122161865234,0.8334858417510986
3.5999999046325684,-4.875152587890625,0.8789817690849304
3.609999895095825,-4.694131851196289,0.9153785109519958
3.619999885559082,-4.542170524597168,0.9426760077476501
3.630000114440918,-4.4285407066345215,0.9517751932144165
3.640000104904175,-4.371734142303467,0.9790727496147156
3.6500000953674316,-4.312878131866455,0.9972711205482483
3.6600000858306885,-4.293560981750488,1.0063703060150146
3.6700000762939453,-4.2956318855285645,0.9972711205482483
3.680000066757202,-4.3643035888671875,0.9881719350814819
3.690000057220459,-4.42826509475708,0.9790727496147156
3.700000047683716,-4.526431083679199,0.9608743786811829
3.7100000381469727,-4.70073127746582,0.9335768222808838
3.7200000286102295,-4.874731063842773,0.9153785109519958
3.7300000190734863,-5.099137783050537,0.8789817690849304
3.740000009536743,-5.361843585968018,0.8243866562843323
3.75,-5.6622819900512695,0.7879899740219116
3.759999990463257,-5.952993392944336,0.7242956757545471
3.7699999809265137,-6.289483547210693,0.6697006225585938
3.7799999713897705,-6.693365097045898,0.6060063242912292
3.7899999618530273,-7.074406623840332,0.5423120856285095
3.799999952316284,-7.4834980964660645,0.478617787361145
3.809999942779541,-7.939661026000977,0.3967251777648926
3.819999933242798,-8.377351760864258,0.3239317238330841
3.8299999237060547,-8.868789672851562,0.24203908443450928
3.8399999141693115,-9.287843704223633,0.16014647483825684
3.8499999046325684,-9.792031288146973,0.08735302090644836
3.859999895095825,-10.291584968566895,0.014559579081833363
3.869999885559082,-10.711091041564941,-0.06733305007219315
3.880000114440918,-11.130269050598145,-0.14012649655342102
3.890000104904175,-11.578537940979004,-0.231118306517601
3.9000000953674316,-11.981218338012695,-0.3039117455482483
3.9100000858306885,-12.333451271057129,-0.3858043849468231
3.9200000762939453,-12.658946990966797,-0.4403994679450989
3.930000066757202,-12.962361335754395,-0.513192892074585
3.940000057220459,-13.256158828735352,-0.5677880048751831
3.950000047683716,-13.569048881530762,-0.6314822435379028
3.9600000381469727,-13.881362915039062,-0.686077356338501
3.9700000286102295,-14.117372512817383,-0.7406724095344543
3.9800000190734863,-14.358718872070312,-0.7861683368682861
3.990000009536743,-14.598804473876953,-0.8316642642021179
4,-14.80008602142334,-0.858961820602417
4.010000228881836,-15.011502265930176,-0.8862593173980713
4.019999980926514,-15.184319496154785,-0.9226560592651367
4.03000020980835,-15.316678047180176,-0.9408544301986694
4.039999961853027,-15.409034729003906,-0.9590528011322021
4.050000190734863,-15.471403121948242,-0.9590528011322021
4.059999942779541,-15.4838285446167,-0.9681519865989685
4.070000171661377,-15.452911376953125,-0.9681519865989685
4.079999923706055,-15.355521202087402,-0.9590528011322021
4.090000152587891,-15.212845802307129,-0.9408544301986694
4.099999904632568,-15.058116912841797,-0.9135568737983704
4.110000133514404,-14.833844184875488,-0.8862593173980713
4.119999885559082,-14.561144828796387,-0.8498626351356506
4.130000114440918,-14.238688468933105,-0.8043667078018188
4.139999866485596,-13.92417049407959,-0.7497715950012207
4.150000095367432,-13.518486022949219,-0.6951765418052673
4.159999847412109,-13.159514427185059,-0.6405814290046692
4.170000076293945,-12.813063621520996,-0.5768871903419495
4.179999828338623,-12.484247207641602,-0.513192892074585
4.190000057220459,-12.137102127075195,-0.4403994679450989
4.199999809265137,-11.786693572998047,-0.37670519948005676
4.210000038146973,-11.375687599182129,-0.3039117455482483
4.21999979019165,-10.984451293945312,-0.231118306517601
4.230000019073486,-10.605414390563965,-0.1674240380525589
4.239999771118164,-10.208024024963379,-0.09463059157133102
4.25,-9.746156692504883,-0.0036387834697961807
4.260000228881836,-9.31843090057373,0.06915466487407684
4.269999980926514,-8.906060218811035,0.14194810390472412
4.28000020980835,-8.47947883605957,0.2147415578365326
4.289999961853027,-8.066520690917969,0.3057333528995514
4.300000190734863,-7.6640214920043945,0.37852680683135986
4.309999942779541,-7.262266159057617,0.45132026076316833
4.320000171661377,-6.882909297943115,0.5241137146949768
4.329999923706055,-6.498195648193359,0.5787087678909302
4.340000152587891,-6.163703441619873,0.651502251625061
4.349999904632568,-5.829377174377441,0.7060973048210144
4.360000133514404,-5.55165958404541,0.7606924176216125
4.369999885559082,-5.268686294555664,0.797089159488678
4.380000114440918,-5.034451484680176,0.842585027217865
4.389999866485596,-4.796672821044922,0.8880809545516968
4.400000095367432,-4.631913185119629,0.9153785109519958
4.409999847412109,-4.505906105041504,0.9517751932144165
4.420000076293945,-4.400803565979004,0.9699735641479492
4.429999828338623,-4.351995944976807,0.9790727496147156
4.440000057220459,-4.306689262390137,0.9790727496147156
4.449999809265137,-4.296999454498291,0.9972711205482483
4.460000038146973,-4.354432106018066,0.9972711205482483
4.46999979019165,-4.413170337677002,0.9790727496147156
4.480000019073486,-4.508325099945068,0.9608743786811829
4.489999771118164,-4.6631269454956055,0.9426760077476501
4.5,-4.8201212882995605,0.9153785109519958
4.510000228881836,-5.036560535430908,0.8789817690849304
4.519999980926514,-5.29698371887207,0.8607833981513977
4.53000020980835,-5.5868377685546875,0.8061883449554443
4.539999961853027,-5.88607931137085,0.7606924176216125
4.550000190734863,-6.187506675720215,0.7060973048210144
4.559999942779541,-6.560497760772705,0.651502251625061
4.570000171661377,-6.9391655921936035,0.5878079533576965
4.579999923706055,-7.319929122924805,0.5241137146949768
4.590000152587891,-7.7283453941345215,0.45132026076316833
4.599999904632568,-8.160962104797363,0.37852680683135986
4.610000133514404,-8.578455924987793,0.31483253836631775
4.619999885559082,-9.004424095153809,0.25113826990127563
4.630000114440918,-9.405329704284668,0.16014647483825684
4.639999866485596,-9.854594230651855,0.08735302090644836
4.650000095367432,-10.33220386505127,0.014559579081833363
4.659999847412109,-10.707834243774414,-0.0764322280883789
4.670000076293945,-11.115023612976074,-0.14922566711902618
4.679999828338623,-11.56161880493164,-0.22201912105083466
4.690000057220459,-11.957342147827148,-0.29481256008148193
4.699999809265137,-12.318686485290527,-0.3676060140132904
4.710000038146973,-12.667947769165039,-0.4403994679450989
4.71999979019165,-12.98431396484375,-0.5222920775413513
4.730000019073486,-13.306892395019531,-0.5859863758087158
4.739999771118164,-13.656055450439453,-0.6405814290046692
4.75,-13.955672264099121,-0.686077356338501
4.760000228881836,-14.43745231628418,-0.7861683368682861
4.769999980926514,-14.460988998413086,-0.7861683368682861
4.78000020980835,-14.681617736816406,-0.8134658932685852
4.789999961853027,-14.866599082946777,-0.858961820602417
4.800000190734863,-15.03147029876709,-0.8862593173980713
4.809999942779541,-15.149338722229004,-0.904457688331604
4.820000171661377,-15.212362289428711,-0.9135568737983704
4.829999923706055,-15.266268730163574,-0.9226560592651367
4.840000152587891,-15.293696403503418,-0.9317552447319031
4.849999904632568,-15.279748916625977,-0.9317552447319031
4.860000133514404,-15.241281509399414,-0.9226560592651367
4.869999885559082,-15.159743309020996,-0.904457688331604
4.880000114440918,-15.056941032409668,-0.8953585028648376
4.889999866485596,-14.878715515136719,-0.8771601319313049
4.900000095367432,-14.67578411102295,-0.8498626351356506
4.909999847412109,-14.437483787536621,-0.8134658932685852
4.920000076293945,-14.121901512145996,-0.7679699659347534
4.929999828338623,-13.828524589538574,-0.7224740982055664
4.940000057220459,-13.435996055603027,-0.6678789854049683
4.949999809265137,-13.060102462768555,-0.6223830580711365
4.960000038146973,-12.722066879272461,-0.5495896339416504
4.96999979019165,-12.3798189163208,-0.49499452114105225
4.980000019073486,-11.969649314880371,-0.42220109701156616
4.989999771118164,-11.598759651184082,-0.3494076430797577
5,-11.176981925964355,-0.2766141891479492
5.010000228881836,-10.784875869750977,-0.20382076501846313
5.019999980926514,-10.398358345031738,-0.11282894760370255
5.03000020980835,-9.98945140838623,-0.04913468658924103
5.039999961853027,-9.572070121765137,0.03275793790817261
5.050000190734863,-9.163642883300781,0.09645220637321472
5.059999942779541,-8.767011642456055,0.17834483087062836
5.070000171661377,-8.362444877624512,0.25113826990127563
5.079999923706055,-7.998928546905518,0.31483253836631775
5.090000152587891,-7.609689235687256,0.3876259922981262
5.099999904632568,-7.221926689147949,0.45132026076316833
5.110000133514404,-6.868398666381836,0.5241137146949768
5.119999885559082,-6.521602630615234,0.5787087678909302
5.130000114440918,-6.1741132736206055,0.6424030661582947
5.139999866485596,-5.862682819366455,0.696998119354248
5.150000095367432,-5.600666046142578,0.7424940466880798
5.159999847412109,-5.319930553436279,0.7879899740219116
5.170000076293945,-5.102680683135986,0.8334858417510986
5.179999828338623,-4.897922039031982,0.8789817690849304
5.190000057220459,-4.721743106842041,0.9062793254852295
5.199999809265137,-4.590884208679199,0.9335768222808838
5.210000038146973,-4.495022773742676,0.9517751932144165
5.21999979019165,-4.443099498748779,0.9699735641479492
5.230000019073486,-4.419013977050781,0.9699735641479492
5.239999771118164,-4.434624671936035,0.9608743786811829
5.25,-4.467898845672607,0.9699735641479492
5.260000228881836,-4.549344062805176,0.9608743786811829
5.269999980926514,-4.644262313842773,0.9426760077476501
5.28000020980835,-4.794615745544434,0.9244776368141174
5.289999961853027,-5.005677700042725,0.8880809545516968
5.300000190734863,-5.206467628479004,0.8607833981513977
5.309999942779541,-5.480363845825195,0.8243866562843323
5.320000171661377,-5.742899417877197,0.797089159488678
5.329999923706055,-6.065021991729736,0.7333948612213135
5.340000152587891,-6.36426305770874,0.6697006225585938
5.349999904632568,-6.73472785949707,0.624204695224762
5.360000133514404,-7.089039325714111,0.5605103969573975
5.369999885559082,-7.47319221496582,0.4877169728279114
5.380000114440918,-7.89121150970459,0.42402270436286926
5.389999866485596,-8.277687072753906,0.3512292504310608
5.400000095367432,-8.715965270996094,0.2784358263015747
5.409999847412109,-9.110251426696777,0.19654318690299988
5.420000076293945,-9.513745307922363,0.1237497478723526
5.429999828338623,-9.976785659790039,0.050956301391124725
5.440000057220459,-10.399246215820312,-0.0218371469527483
5.449999809265137,-10.777705192565918,-0.09463059157133102
5.460000038146973,-11.168746948242188,-0.1674240380525589
5.46999979019165,-11.626691818237305,-0.24931666254997253
5.480000019073486,-11.995954513549805,-0.322110116481781
5.489999771118164,-12.338790893554688,-0.3676060140132904
5.5,-12.69875431060791,-0.44949862360954285
5.510000228881836,-13.00210952758789,-0.5040937066078186
5.519999980926514,-13.349797248840332,-0.5768871903419495
5.53000020980835,-13.70743179321289,-0.6314822435379028
5.539999961853027,-14.022019386291504,-0.686077356338501
5.550000190734863,-14.301901817321777,-0.7406724095344543
5.559999942779541,-14.547735214233398,-0.7770691514015198
5.570000171661377,-14.746352195739746,-0.8225650787353516
5.579999923706055,-14.90704345703125,-0.858961820602417
5.590000152587891,-15.055458068847656,-0.8680609464645386
5.599999904632568,-15.14357852935791,-0.904457688331604
5.610000133514404,-15.188628196716309,-0.9135568737983704
5.619999885559082,-15.220370292663574,-0.9135568737983704
5.630000114440918,-15.200896263122559,-0.9226560592651367
5.639999866485596,-15.131016731262207,-0.9135568737983704
5.650000095367432,-15.042315483093262,-0.904457688331604
5.659999847412109,-14.920137405395508,-0.8953585028648376
5.670000076293945,-14.76602840423584,-0.8680609464645386
5.679999828338623,-14.591763496398926,-0.8498626351356506
5.690000057220459,-14.379359245300293,-0.8225650787353516
5.699999809265137,-14.125591278076172,-0.7770691514015198
5.710000038146973,-13.902674674987793,-0.731573224067688
5.71999979019165,-13.592395782470703,-0.6769781708717346
5.730000019073486,-13.26120662689209,-0.6223830580711365
5.739999771118164,-12.946880340576172,-0.5768871903419495
5.75,-12.66202449798584,-0.513192892074585
5.760000228881836,-12.307092666625977,-0.4585978090763092
5.769999980926514,-11.939691543579102,-0.3858043849468231
5.78000020980835,-11.530113220214844,-0.31301093101501465
5.789999961853027,-11.120314598083496,-0.24931666254997253
5.800000190734863,-10.716941833496094,-0.17652322351932526
5.809999942779541,-10.305357933044434,-0.09463059157133102
5.820000171661377,-9.84536361694336,-0.0218371469527483
5.829999923706055,-9.383872032165527,0.050956301391124725
5.840000152587891,-8.978334426879883,0.1237497478723526
5.849999904632568,-8.538596153259277,0.19654318690299988
5.860000133514404,-8.130440711975098,0.26933664083480835
5.869999885559082,-7.700044631958008,0.3421300947666168
5.880000114440918,-7.317544460296631,0.42402270436286926
5.889999866485596,-6.951117992401123,0.4877169728279114
5.900000095367432,-6.623725891113281,0.5423120856285095
5.909999847412109,-6.258263111114502,0.6151055097579956
5.920000076293945,-5.969964504241943,0.6787998080253601
5.929999828338623,-5.7171220779418945,0.7242956757545471
5.940000057220459,-5.472978115081787,0.7697916030883789
5.949999809265137,-5.243017196655273,0.8061883449554443
5.960000038146973,-5.071362495422363,0.842585027217865
5.96999979019165,-4.894626140594482,0.8698825836181641
5.980000019073486,-4.759848594665527,0.8971801400184631
5.989999771118164,-4.666415691375732,0.9244776964187622
6,-4.616967678070068,0.9244776964187622
6.010000228881836,-4.598155498504639,0.9426760077476501
6.019999980926514,-4.591827869415283,0.9426760077476501
6.03000020980835,-4.627218246459961,0.9426760077476501
6.039999961853027,-4.694629669189453,0.9335768222808838
6.050000190734863,-4.798058032989502,0.9335768222808838
6.059999942779541,-4.952052593231201,0.9153785109519958
6.070000171661377,-5.108072280883789,0.8971801400184631
6.079999923706055,-5.292698860168457,0.8607833981513977
6.090000152587891,-5.529345989227295,0.8334858417510986
6.099999904632568,-5.761537551879883,0.7879899740219116
6.110000133514404,-6.019979953765869,0.7515932321548462
6.119999885559082,-6.300889492034912,0.696998119354248
6.130000114440918,-6.629141330718994,0.6333038806915283
6.139999866485596,-6.960383415222168,0.5787087678909302
6.150000095367432,-7.292606830596924,0.5150145292282104
6.159999847412109,-7.645369052886963,0.45132026076316833
6.170000076293945,-8.015074729919434,0.3876259922981262
6.179999828338623,-8.383026123046875,0.31483253836631775
6.190000057220459,-8.77109432220459,0.2329399138689041
6.199999809265137,-9.158004760742188,0.16014647483825684
6.210000038146973,-9.573705673217773,0.08735302090644836
6.21999979019165,-10.043661117553711,0.014559579081833363
6.230000019073486,-10.466999053955078,-0.05823386833071709
6.239999771118164,-10.843853950500488,-0.13102731108665466
6.25,-11.260668754577637,-0.20382076501846313
6.260000228881836,-11.727558135986328,-0.2857133746147156
6.269999980926514,-12.118993759155273,-0.3494076430797577
6.28000020980835,-12.470725059509277,-0.42220109701156616
6.289999961853027,-12.854272842407227,-0.4767961800098419
6.300000190734863,-13.179235458374023,-0.5495896339416504
6.309999942779541,-13.569149017333984,-0.5950855612754822
6.320000171661377,-13.89340877532959,-0.6496806144714355
6.329999923706055,-14.136666297912598,-0.686077356338501
6.340000152587891,-14.379355430603027,-0.7406724095344543
6.349999904632568,-14.570260047912598,-0.7770691514015198
6.360000133514404,-14.707930564880371,-0.8134658932685852
6.369999885559082,-14.826398849487305,-0.8498626351356506
6.380000114440918,-14.933181762695312,-0.858961820602417
6.389999866485596,-15.003809928894043,-0.8771601319313049
6.400000095367432,-15.022306442260742,-0.904457688331604
6.409999847412109,-15.002152442932129,-0.904457688331604
6.420000076293945,-14.991523742675781,-0.904457688331604
6.429999828338623,-14.94239616394043,-0.8953585028648376
6.440000057220459,-14.86220645904541,-0.8953585028648376
6.449999809265137,-14.755837440490723,-0.8771601319313049
6.460000038146973,-14.644100189208984,-0.858961820602417
6.46999979019165,-14.494621276855469,-0.8316642642021179
6.480000019073486,-14.290743827819824,-0.8134658932685852
6.489999771118164,-14.052140235900879,-0.7588707804679871
6.5,-13.85417366027832,-0.7042757272720337
6.510000228881836,-13.512582778930664,-0.6587797999382019
6.519999980926514,-13.171780586242676,-0.6132839322090149
6.53000020980835,-12.872082710266113,-0.5495896339416504
6.539999961853027,-12.541224479675293,-0.49499452114105225
6.550000190734863,-12.188270568847656,-0.42220109701156616
6.559999942779541,-11.807234764099121,-0.3494076430797577
6.570000171661377,-11.377111434936523,-0.29481256008148193
6.579999923706055,-10.96269416809082,-0.22201912105083466
6.590000152587891,-10.552878379821777,-0.14922566711902618
6.599999904632568,-10.1373929977417,-0.0764322280883789
6.610000133514404,-9.672383308410645,-0.0036387834697961807
6.619999885559082,-9.231986999511719,0.06915466487407684
6.630000114440918,-8.821158409118652,0.14194810390472412
6.639999866485596,-8.415359497070312,0.2147415578365326
6.650000095367432,-8.044390678405762,0.28753501176834106
6.659999847412109,-7.6390862464904785,0.36032843589782715
6.670000076293945,-7.254055500030518,0.42402270436286926
6.679999828338623,-6.93459939956665,0.49681615829467773
6.690000057220459,-6.57542610168457,0.5423120856285095
6.699999809265137,-6.259161472320557,0.624204695224762
6.710000038146973,-5.980196952819824,0.6606014370918274
6.71999979019165,-5.72891092300415,0.7242956757545471
6.730000019073486,-5.491742134094238,0.7606924176216125
6.739999771118164,-5.269326686859131,0.8061883449554443
6.75,-5.090415000915527,0.842585027217865
6.760000228881836,-4.944398403167725,0.8607833981513977
6.769999980926514,-4.76873779296875,0.8971801400184631
6.78000020980835,-4.703818321228027,0.9153785109519958
6.789999961853027,-4.649389266967773,0.9244776964187622
6.800000190734863,-4.602575302124023,0.9426760077476501
6.809999942779541,-4.618404865264893,0.9335768222808838
6.820000171661377,-4.650412559509277,0.9426760077476501
6.829999923706055,-4.7116007804870605,0.9244776964187622
6.840000152587891,-4.810643672943115,0.9153785109519958
6.849999904632568,-4.975987911224365,0.8971801400184631
6.860000133514404,-5.114591121673584,0.8789817690849304
6.869999885559082,-5.329370021820068,0.842585027217865
6.880000114440918,-5.558903217315674,0.8061883449554443
6.889999866485596,-5.802319526672363,0.7697916030883789
6.900000095367432,-6.055975914001465,0.7060973048210144
6.909999847412109,-6.3500142097473145,0.6606014370918274
6.920000076293945,-6.720147609710693,0.6060063242912292
6.929999828338623,-7.052778244018555,0.5423120856285095
6.940000057220459,-7.41518497467041,0.4877169728279114
6.949999809265137,-7.778350830078125,0.42402270436286926
6.960000038146973,-8.19521427154541,0.3512292802333832
6.96999979019165,-8.584463119506836,0.2784358263015747
6.980000019073486,-8.986001968383789,0.2147415578365326
6.989999771118164,-9.383819580078125,0.14194810390472412
7,-9.825336456298828,0.06915466487407684
7.010000228881836,-10.309172630310059,-0.0036387834697961807
7.019999980926514,-10.676431655883789,-0.0764322280883789
7.03000020980835,-11.07606315612793,-0.15832485258579254
7.039999961853027,-11.511728286743164,-0.231118306517601
7.050000190734863,-11.905794143676758,-0.29481256008148193
7.059999942779541,-12.246213912963867,-0.3676060140132904
7.070000171661377,-12.601364135742188,-0.4403994679450989
7.079999923706055,-12.90791130065918,-0.49499452114105225
7.090000152587891,-13.210136413574219,-0.5677880048751831
7.099999904632568,-13.504010200500488,-0.6223830580711365
7.110000133514404,-13.847089767456055,-0.6769781708717346
7.119999885559082,-14.059581756591797,-0.7224740982055664
7.130000114440918,-14.284357070922852,-0.7588707804679871
7.139999866485596,-14.482645034790039,-0.8043667078018188
7.150000095367432,-14.637860298156738,-0.8316642642021179
7.159999847412109,-14.745033264160156,-0.858961820602417
7.170000076293945,-14.862951278686523,-0.8771601319313049
7.179999828338623,-14.949541091918945,-0.8862593173980713
7.190000057220459,-14.987524032592773,-0.8953585028648376
7.199999809265137,-14.996973991394043,-0.8953585028648376
7.210000038146973,-14.996413230895996,-0.904457688331604
7.21999979019165,-14.939743995666504,-0.8953585028648376
7.230000019073486,-14.848103523254395,-0.8862593173980713
7.239999771118164,-14.743972778320312,-0.8680609464645386
7.25,-14.61085033416748,-0.8407634496688843
7.260000228881836,-14.436452865600586,-0.8225650787353516
7.269999980926514,-14.193785667419434,-0.7770691514015198
7.28000020980835,-13.972128868103027,-0.7497715950012207
7.289999961853027,-13.665631294250488,-0.6951765418052673
7.300000190734863,-13.308908462524414,-0.6496806144714355
7.309999942779541,-12.972260475158691,-0.5950855612754822
7.320000171661377,-12.658002853393555,-0.5313912630081177
7.329999923706055,-12.281591415405273,-0.4767961800098419
7.340000152587891,-11.916796684265137,-0.40400272607803345
7.349999904632568,-11.536276817321777,-0.33120930194854736
7.360000133514404,-11.102030754089355,-0.26751503348350525
7.369999885559082,-10.708341598510742,-0.20382076501846313
7.380000114440918,-10.320474624633789,-0.13102731108665466
7.389999866485596,-9.882689476013184,-0.05823386833071709
7.400000095367432,-9.481958389282227,0.014559579081833363
7.409999847412109,-9.091758728027344,0.08735302090644836
7.420000076293945,-8.711211204528809,0.16014647483825684
7.429999828338623,-8.340229034423828,0.2329399138689041
7.440000057220459,-7.975792407989502,0.3057333528995514
7.449999809265137,-7.588412761688232,0.3694276213645935
7.460000038146973,-7.260422229766846,0.4331218898296356
7.46999979019165,-6.933492660522461,0.5059153437614441
7.480000019073486,-6.603026866912842,0.5514112710952759
7.489999771118164,-6.299257278442383,0.6060063242912292
7.5,-6.021396636962891,0.6606014370918274
7.510000228881836,-5.755728721618652,0.696998119354248
7.519999980926514,-5.550121307373047,0.7515932321548462
7.53000020980835,-5.356104373931885,0.7879899740219116
7.539999961853027,-5.161881923675537,0.8243866562843323
7.550000190734863,-5.0018415451049805,0.8516842126846313
7.559999942779541,-4.883526802062988,0.8789817690849304
7.570000171661377,-4.7750935554504395,0.8880809545516968
7.579999923706055,-4.714976787567139,0.8971801400184631
7.590000152587891,-4.703765869140625,0.9062793254852295
7.599999904632568,-4.716484069824219,0.9062793254852295
7.610000133514404,-4.753130912780762,0.9062793254852295
7.619999885559082,-4.822700500488281,0.8880809545516968
7.630000114440918,-4.967439651489258,0.8698825836181641
7.639999866485596,-5.0904221534729,0.8516842126846313
7.650000095367432,-5.243371963500977,0.842585027217865
7.659999847412109,-5.448857307434082,0.8061883449554443
7.670000076293945,-5.688487529754639,0.7697916030883789
7.679999828338623,-5.9274420738220215,0.7242956757545471
7.690000057220459,-6.212002754211426,0.6697006225585938
7.699999809265137,-6.52348518371582,0.624204695224762
7.710000038146973,-6.865837097167969,0.5696095824241638
7.71999979019165,-7.204144477844238,0.5059153437614441
7.730000019073486,-7.577128887176514,0.442221075296402
7.739999771118164,-7.968664169311523,0.37852680683135986
7.75,-8.369698524475098,0.3057333528995514
7.760000228881836,-8.770673751831055,0.2329399138689041
7.769999980926514,-9.174345970153809,0.169245645403862
7.78000020980835,-9.59691047668457,0.08735302090644836
7.789999961853027,-10.052245140075684,0.03275793790817261
7.800000190734863,-10.443410873413086,-0.04003550484776497
7.809999942779541,-10.82625961303711,-0.1219281330704689
7.820000171661377,-11.20248794555664,-0.19472157955169678
7.829999923706055,-11.623026847839355,-0.2584158480167389
7.840000152587891,-11.963617324829102,-0.33120930194854736
7.849999904632568,-12.295670509338379,-0.3858043849468231
7.860000133514404,-12.642236709594727,-0.4585978090763092
7.869999885559082,-12.911214828491211,-0.513192892074585
7.880000114440918,-13.183792114257812,-0.5768871903419495
7.889999866485596,-13.793023109436035,-0.6769781708717346
7.900000095367432,-13.82812786102295,-0.6769781708717346
7.909999847412109,-14.028203964233398,-0.7133749127388
7.920000076293945,-14.440018653869629,-0.7952675223350525
7.929999828338623,-14.470747947692871,-0.7952675223350525
7.940000057220459,-14.59609317779541,-0.8316642642021179
7.949999809265137,-14.723673820495605,-0.858961820602417
7.960000038146973,-14.828692436218262,-0.858961820602417
7.96999979019165,-14.90153694152832,-0.8862593173980713
7.980000019073486,-14.958510398864746,-0.8862593173980713
7.989999771118164,-14.952569007873535,-0.8862593173980713
8,-14.904780387878418,-0.8953585028648376
8.010000228881836,-14.83626937866211,-0.8953585028648376
8.020000457763672,-14.731616020202637,-0.8680609464645386
8.029999732971191,-14.598703384399414,-0.8589617609977722
8.039999961853027,-14.423144340515137,-0.8316642642021179
8.050000190734863,-14.196440696716309,-0.8043667078018188
8.0600004196167,-13.9861421585083,-0.7679699659347534
8.069999694824219,-13.713926315307617,-0.7224740982055664
8.079999923706055,-13.375014305114746,-0.6678789854049683
8.09000015258789,-13.046507835388184,-0.6223831176757812
8.100000381469727,-12.759882926940918,-0.5677880048751831
8.109999656677246,-12.431050300598145,-0.513192892074585
8.119999885559082,-12.09891414642334,-0.4585978090763092
8.130000114440918,-11.744523048400879,-0.37670519948005676
8.140000343322754,-11.344341278076172,-0.33120930194854736
8.149999618530273,-10.964458465576172,-0.2584158480167389
8.15999984741211,-10.591750144958496,-0.18562239408493042
8.170000076293945,-10.236091613769531,-0.11282894760370255
8.180000305175781,-9.785086631774902,-0.04003550484776497
8.1899995803833,-9.37207317352295,0.03275793790817261
8.199999809265137,-8.994758605957031,0.09645220637321472
8.210000038146973,-8.623661041259766,0.169245645403862
8.220000267028809,-8.23139476776123,0.24203909933567047
8.229999542236328,-7.870237827301025,0.3057333528995514
8.239999771118164,-7.499960899353027,0.3694276213645935
8.25,-7.160321235656738,0.4331218898296356
8.260000228881836,-6.846175670623779,0.49681615829467773
8.270000457763672,-6.4916558265686035,0.5423120856285095
8.279999732971191,-6.211939811706543,0.5969071388244629
8.289999961853027,-5.940567493438721,0.651502251625061
8.300000190734863,-5.717146873474121,0.696998119354248
8.3100004196167,-5.518911361694336,0.7515932321548462
8.319999694824219,-5.31171989440918,0.7788907885551453
8.329999923706055,-5.148599624633789,0.8061883449554443
8.34000015258789,-5.0295329093933105,0.8334858417510986
8.350000381469727,-4.911297798156738,0.8516842126846313
8.359999656677246,-4.8248162269592285,0.8698825836181641
8.369999885559082,-4.761814594268799,0.8698825836181641
8.380000114440918,-4.763656139373779,0.8880809545516968
8.390000343322754,-4.819334983825684,0.8698825836181641
8.399999618530273,-4.886575698852539,0.8698825836181641
8.40999984741211,-4.998413562774658,0.8698825836181641
8.420000076293945,-5.1175150871276855,0.842585027217865
8.430000305175781,-5.2641472816467285,0.8243866562843323
8.4399995803833,-5.47727632522583,0.8061883449554443
8.449999809265137,-5.68484354019165,0.7697916030883789
8.460000038146973,-5.91344690322876,0.7242956757545471
8.470000267028809,-6.176486968994141,0.6787998080253601
8.479999542236328,-6.458374500274658,0.624204695224762
8.489999771118164,-6.810144424438477,0.5787087678909302
8.5,-7.106963634490967,0.5150145292282104
8.510000228881836,-7.46142053604126,0.46951860189437866
8.520000457763672,-7.812700271606445,0.3967251777648926
8.529999732971191,-8.198600769042969,0.33303090929985046
8.539999961853027,-8.561849594116211,0.26933664083480835
8.550000190734863,-8.967610359191895,0.20564237236976624
8.5600004196167,-9.309917449951172,0.1237497478723526
8.569999694824219,-9.71738338470459,0.06915466487407684
8.579999923706055,-10.120634078979492,-0.01273796521127224
8.59000015258789,-10.51344108581543,-0.0764322280883789
8.600000381469727,-10.860539436340332,-0.14922566711902618
8.609999656677246,-11.223920822143555,-0.2129199504852295
8.619999885559082,-11.625636100769043,-0.2766141891479492
8.630000114440918,-11.982965469360352,-0.3494076430797577
8.640000343322754,-12.330739974975586,-0.4131019115447998
8.649999618530273,-12.6611328125,-0.4767961800098419
8.65999984741211,-12.944231033325195,-0.5222920775413513
8.670000076293945,-13.259970664978027,-0.5768871903419495
8.680000305175781,-13.591233253479004,-0.6314822435379028
8.6899995803833,-13.897005081176758,-0.686077356338501
8.699999809265137,-14.118326187133789,-0.7224740982055664
8.710000038146973,-14.337615966796875,-0.7679699659347534
8.720000267028809,-14.548377990722656,-0.8043667078018188
8.729999542236328,-14.688220977783203,-0.8316642642021179
8.739999771118164,-14.78273868560791,-0.8498626351356506
8.75,-14.854776382446289,-0.858961820602417
8.760000228881836,-14.883872985839844,-0.8771601319313049
8.770000457763672,-14.888056755065918,-0.8771601319313049
8.779999732971191,-14.836655616760254,-0.8862593173980713
8.789999961853027,-14.7705078125,-0.8771601319313049
8.800000190734863,-14.675878524780273,-0.8680609464645386
8.8100004196167,-14.546341896057129,-0.8498626351356506
8.819999694824219,-14.375571250915527,-0.8316642642021179
8.829999923706055,-14.17397403717041,-0.8043667078018188
8.84000015258789,-13.985331535339355,-0.7770691514015198
8.850000381469727,-13.762014389038086,-0.7224740982055664
8.859999656677246,-13.459866523742676,-0.686077356338501
8.869999885559082,-13.183106422424316,-0.6314822435379028
8.880000114440918,-12.921189308166504,-0.5859863758087158
8.890000343322754,-12.649393081665039,-0.5313912630081177
8.899999618530273,-12.338236808776855,-0.4767961800098419
8.90999984741211,-12.014183044433594,-0.4131019115447998
8.920000076293945,-11.683390617370605,-0.35850682854652405
8.930000305175781,-11.273404121398926,-0.2857133746147156
8.9399995803833,-10.898091316223145,-0.22201912105083466
8.949999809265137,-10.513056755065918,-0.14922566711902618
8.960000038146973,-10.140707015991211,-0.08553141355514526
8.970000267028809,-9.678241729736328,-0.0036387834697961807
8.979999542236328,-9.256891250610352,0.060055483132600784
8.989999771118164,-8.874756813049316,0.14194810390472412
9,-8.491887092590332,0.19654318690299988
9.010000228881836,-8.095865249633789,0.26933664083480835
9.020000457763672,-7.6746368408203125,0.3421300947666168
9.029999732971191,-7.336698055267334,0.3967251777648926
9.039999961853027,-7.009344577789307,0.46951860189437866
9.050000190734863,-6.693597793579102,0.5150145292282104
9.0600004196167,-6.356961250305176,0.5696095824241638
9.069999694824219,-6.078498363494873,0.624204695224762
9.079999923706055,-5.836871147155762,0.6697006225585938
9.09000015258789,-5.621577262878418,0.7151964902877808
9.100000381469727,-5.445739269256592,0.7424940466880798
9.109999656677246,-5.251440048217773,0.7697916030883789
9.119999885559082,-5.1161017417907715,0.8061883449554443
9.130000114440918,-5.004037857055664,0.8243866562843323
9.140000343322754,-4.936201572418213,0.842585027217865
9.149999618530273,-4.875260353088379,0.8607833981513977
9.15999984741211,-4.846678256988525,0.8607833981513977
9.170000076293945,-4.889893054962158,0.8607833981513977
9.180000305175781,-4.947005271911621,0.8607833981513977
9.1899995803833,-5.007681846618652,0.8516842126846313
9.199999809265137,-5.123769760131836,0.842585027217865
9.210000038146973,-5.252818584442139,0.8243866562843323
9.220000267028809,-5.429864406585693,0.8061883449554443
9.229999542236328,-5.6321234703063965,0.7788907885551453
9.239999771118164,-5.830376625061035,0.7424940466880798
9.25,-6.089041233062744,0.696998119354248
9.260000228881836,-6.330442905426025,0.6606014370918274
9.270000457763672,-6.649405002593994,0.5969071388244629
9.279999732971191,-6.9477314949035645,0.5423120856285095
9.289999961853027,-7.257508277893066,0.49681615829467773
9.300000190734863,-7.599376201629639,0.4331218898296356
9.3100004196167,-7.971421241760254,0.37852680683135986
9.319999694824219,-8.323298454284668,0.3057333528995514
9.329999923706055,-8.698637008666992,0.2329399138689041
9.34000015258789,-9.086569786071777,0.169245645403862
9.350000381469727,-9.43850040435791,0.09645220637321472
9.359999656677246,-9.882487297058105,0.03275793790817261
9.369999885559082,-10.288000106811523,-0.05823386833071709
9.380000114440918,-10.651368141174316,-0.11282894760370255
9.390000343322754,-11.02018928527832,-0.18562239408493042
9.399999618530273,-11.403865814208984,-0.24931666254997253
9.40999984741211,-11.78425407409668,-0.31301093101501465
9.420000076293945,-12.145661354064941,-0.3676060140132904
9.430000305175781,-12.47011947631836,-0.4313002824783325
9.4399995803833,-12.780791282653809,-0.49499452114105225
9.449999809265137,-13.065271377563477,-0.5495896339416504
9.460000038146973,-13.373273849487305,-0.5950855612754822
9.470000267028809,-13.677968978881836,-0.6496806144714355
9.479999542236328,-13.953017234802246,-0.6769781708717346
9.489999771118164,-14.123933792114258,-0.7406724095344543
9.5,-14.316527366638184,-0.7588707804679871
9.510000228881836,-14.493134498596191,-0.7952675223350525
9.520000457763672,-14.60545539855957,-0.8134658932685852
9.529999732971191,-14.703457832336426,-0.8407634496688843
9.539999961853027,-14.735207557678223,-0.8498626351356506
9.550000190734863,-14.772085189819336,-0.858961820602417
9.5600004196167,-14.751288414001465,-0.8680609464645386
9.569999694824219,-14.703816413879395,-0.858961820602417
9.579999923706055,-14.62885856628418,-0.858961820602417
9.59000015258789,-14.543408393859863,-0.8407634496688843
9.600000381469727,-14.413095474243164,-0.8316642642021179
9.609999656677246,-14.23473834991455,-0.8043667078018188
9.619999885559082,-14.075042724609375,-0.7770691514015198
9.630000114440918,-13.882428169250488,-0.7406724095344543
9.640000343322754,-13.597439765930176,-0.7042757272720337
9.649999618530273,-13.351795196533203,-0.6496806144714355
9.65999984741211,-13.059688568115234,-0.6041847467422485
9.670000076293945,-12.779955863952637,-0.5495896339416504
9.680000305175781,-12.48921012878418,-0.49499452114105225
9.6899995803833,-12.189248085021973,-0.4403994679450989
9.699999809265137,-11.86319637298584,-0.37670519948005676
9.710000038146973,-11.504524230957031,-0.3039117455482483
9.720000267028809,-11.104555130004883,-0.24931666254997253
9.729999542236328,-10.742081642150879,-0.17652322351932526
9.739999771118164,-10.368916511535645,-0.09463059157133102
9.75,-9.948843955993652,-0.04003550484776497
9.760000228881836,-9.526870727539062,0.023658759891986847
9.770000457763672,-9.13596248626709,0.09645220637321472
9.779999732971191,-8.753820419311523,0.16014647483825684
9.789999961853027,-8.349834442138672,0.2329399138689041
9.800000190734863,-7.990905284881592,0.3057333528995514
9.8100004196167,-7.62400484085083,0.36032843589782715
9.819999694824219,-7.2596940994262695,0.4149235188961029
9.829999923706055,-6.944755554199219,0.478617787361145
9.84000015258789,-6.647592067718506,0.5423120856285095
9.850000381469727,-6.346652030944824,0.5969071388244629
9.859999656677246,-6.090388298034668,0.6424030661582947
9.869999885559082,-5.865784168243408,0.6787998080253601
9.880000114440918,-5.666876792907715,0.7333948612213135
9.890000343322754,-5.480531215667725,0.7697916030883789
9.899999618530273,-5.317014217376709,0.8061883449554443
9.90999984741211,-5.190613746643066,0.8243866562843323
9.920000076293945,-5.098260879516602,0.842585027217865
9.930000305175781,-5.038899898529053,0.8516842126846313
9.9399995803833,-4.98926305770874,0.8698825836181641
9.949999809265137,-4.992085933685303,0.8698825836181641
9.960000038146973,-5.011719226837158,0.8789817690849304
9.970000267028809,-5.036108016967773,0.8698825836181641
9.979999542236328,-5.110028266906738,0.8516842126846313
9.989999771118164,-5.232216835021973,0.842585027217865
10,-5.385747909545898,0.8152875304222107
10.010000228881836,-5.535109519958496,0.8061883449554443
10.020000457763672,-5.733397483825684,0.7697916030883789
10.029999732971191,-5.92995548248291,0.7333948612213135
10.039999961853027,-6.175108432769775,0.7060973048210144
10.050000190734863,-6.433318138122559,0.651502251625061
10.0600004196167,-6.745465278625488,0.5878079533576965
10.069999694824219,-7.028974533081055,0.5423120856285095
10.079999923706055,-7.351166725158691,0.4877169728279114
10.09000015258789,-7.696714401245117,0.4331218898296356
10.100000381469727,-8.0436429977417,0.36032843589782715
10.109999656677246,-8.405022621154785,0.28753501176834106
10.119999885559082,-8.802882194519043,0.2329399138689041
10.130000114440918,-9.17895793914795,0.16014647483825684
10.140000343322754,-9.577155113220215,0.09645220637321472
10.149999618530273,-10.012117385864258,0.03275793790817261
10.15999984741211,-10.423526763916016,-0.04003550484776497
10.170000076293945,-10.805855751037598,-0.11282894760370255
10.180000305175781,-11.196382522583008,-0.17652322351932526
10.1899995803833,-11.555580139160156,-0.2584158480167389
10.199999809265137,-11.951998710632324,-0.31301093101501465
10.210000038146973,-12.285886764526367,-0.37670519948005676
10.220000267028809,-12.607340812683105,-0.4313002824783325
10.229999542236328,-12.865094184875488,-0.49499452114105225
10.239999771118164,-13.137535095214844,-0.5495896339416504
10.25,-13.416436195373535,-0.5950855612754822
10.260000228881836,-13.670392036437988,-0.6496806144714355
10.270000457763672,-13.90211009979248,-0.6769781708717346
10.279999732971191,-14.057225227355957,-0.7224740982055664
10.289999961853027,-14.225485801696777,-0.7497715950012207
10.300000190734863,-14.352036476135254,-0.7770691514015198
10.3100004196167,-14.46097469329834,-0.8043667078018188
10.319999694824219,-14.540971755981445,-0.8134658932685852
10.329999923706055,-14.600110054016113,-0.8225650787353516
10.34000015258789,-14.630474090576172,-0.8407634496688843
10.350000381469727,-14.629806518554688,-0.8407634496688843
10.359999656677246,-14.627490997314453,-0.8225650787353516
10.369999885559082,-14.5689697265625,-0.8225650787353516
10.380000114440918,-14.499674797058105,-0.8134658932685852
10.390000343322754,-14.375526428222656,-0.7861683368682861
10.399999618530273,-14.218267440795898,-0.7770691514015198
10.40999984741211,-14.0300874710083,-0.7588707804679871
10.420000076293945,-13.856010437011719,-0.7042757272720337
10.430000305175781,-13.547281265258789,-0.6678789854049683
10.4399995803833,-13.237019538879395,-0.6314822435379028
10.449999809265137,-12.936187744140625,-0.5768871903419495
10.460000038146973,-12.641369819641113,-0.5222920775413513
10.470000267028809,-12.302597045898438,-0.4585978090763092
10.479999542236328,-11.969290733337402,-0.3949035704135895
10.489999771118164,-11.607444763183594,-0.33120930194854736
10.5,-11.204357147216797,-0.2766141891479492
10.510000228881836,-10.840822219848633,-0.2129199355840683
10.520000457763672,-10.487969398498535,-0.14012649655342102
10.529999732971191,-10.124842643737793,-0.0764322280883789
10.539999961853027,-9.694133758544922,-0.0036387834697961807
10.550000190734863,-9.318914413452148,0.050956301391124725
10.5600004196167,-8.988880157470703,0.1237497478723526
10.569999694824219,-8.63388729095459,0.19654318690299988
10.579999923706055,-8.27291488647461,0.260237455368042
10.59000015258789,-7.92921257019043,0.3239317238330841
10.600000381469727,-7.590542793273926,0.37852680683135986
10.609999656677246,-7.266812324523926,0.442221075296402
10.619999885559082,-6.988026142120361,0.5059153437614441
10.630000114440918,-6.712528705596924,0.5514112710952759
10.640000343322754,-6.406099796295166,0.5969071388244629
10.649999618530273,-6.151267051696777,0.6606014370918274
10.65999984741211,-5.926126956939697,0.6878989338874817
10.670000076293945,-5.735384464263916,0.7333948612213135
10.680000305175781,-5.542001247406006,0.7697916030883789
10.6899995803833,-5.4144415855407715,0.8061883449554443
10.699999809265137,-5.26568603515625,0.8152875304222107
10.710000038146973,-5.179897308349609,0.8334858417510986
10.720000267028809,-5.110588550567627,0.8607833981513977
10.729999542236328,-5.085152626037598,0.8607833981513977
10.739999771118164,-5.076747417449951,0.8607833981513977
10.75,-5.098918437957764,0.8607833981513977
10.760000228881836,-5.151516437530518,0.8516842126846313
10.770000457763672,-5.209262371063232,0.842585027217865
10.779999732971191,-5.3305816650390625,0.8334858417510986
10.789999961853027,-5.492280960083008,0.8061883449554443
10.800000190734863,-5.666086673736572,0.7697916030883789
10.8100004196167,-5.866267681121826,0.7515932321548462
10.819999694824219,-6.072223663330078,0.7151964902877808
10.829999923706055,-6.309194087982178,0.6697006225585938
10.84000015258789,-6.601888656616211,0.624204695224762
10.850000381469727,-6.909922122955322,0.5696095824241638
10.859999656677246,-7.19932746887207,0.5150145292282104
10.869999885559082,-7.53303337097168,0.45132026076316833
10.880000114440918,-7.87413215637207,0.3967251777648926
10.890000343322754,-8.26424503326416,0.33303090929985046
10.899999618530273,-8.622905731201172,0.26933664083480835
10.90999984741211,-8.98973274230957,0.20564237236976624
10.920000076293945,-9.366065979003906,0.14194810390472412
10.930000305175781,-9.765763282775879,0.06915466487407684
10.9399995803833,-10.196297645568848,-0.0036387834697961807
10.949999809265137,-10.55678653717041,-0.06733305007219315
10.960000038146973,-10.958454132080078,-0.13102731108665466
10.970000267028809,-11.299107551574707,-0.20382076501846313
10.979999542236328,-11.694809913635254,-0.2584158480167389
10.989999771118164,-12.00843620300293,-0.322110116481781
11,-12.324760437011719,-0.37670519948005676
11.010000228881836,-12.617959976196289,-0.4403994679450989
11.020000457763672,-12.875487327575684,-0.49499452114105225
11.029999732971191,-13.13178539276123,-0.540490448474884
11.039999961853027,-13.384634017944336,-0.5950855612754822
11.050000190734863,-13.646919250488281,-0.6405814290046692
11.0600004196167,-13.887557983398438,-0.6769781708717346
11.069999694824219,-14.059473037719727,-0.7133749127388
11.079999923706055,-14.200569152832031,-0.7497715950012207
11.09000015258789,-14.338924407958984,-0.7588707804679871
11.100000381469727,-14.43602180480957,-0.7861683368682861
11.109999656677246,-14.499225616455078,-0.7952675223350525
11.119999885559082,-14.570518493652344,-0.8134658932685852
11.130000114440918,-14.603026390075684,-0.8043667078018188
11.140000343322754,-14.563695907592773,-0.8043667078018188
11.149999618530273,-14.516621589660645,-0.8043667078018188
11.15999984741211,-14.45584774017334,-0.7952675223350525
11.170000076293945,-14.363539695739746,-0.7770691514015198
11.180000305175781,-14.20871353149414,-0.7497715950012207
11.1899995803833,-14.050163269042969,-0.7315732836723328
11.199999809265137,-13.882201194763184,-0.7042757272720337
11.210000038146973,-13.603958129882812,-0.6678789854049683
11.220000267028809,-13.320589065551758,-0.6314822435379028
11.229999542236328,-13.035758972167969,-0.5768871903419495
11.239999771118164,-12.771257400512695,-0.5313912630081177
11.25,-12.443239212036133,-0.4767961800098419
11.260000228881836,-12.125986099243164,-0.4131019115447998
11.270000457763672,-11.789084434509277,-0.35850682854652405
11.279999732971191,-11.409371376037598,-0.29481256008148193
11.289999961853027,-11.047094345092773,-0.24021747708320618
11.300000190734863,-10.688252449035645,-0.17652322351932526
11.3100004196167,-10.349895477294922,-0.09463059157133102
11.319999694824219,-9.956751823425293,-0.04003550484776497
11.329999923706055,-9.551196098327637,0.023658759891986847
11.34000015258789,-9.17047119140625,0.08735302090644836
11.350000381469727,-8.824329376220703,0.15104728937149048
11.359999656677246,-8.462469100952148,0.22384072840213776
11.369999885559082,-8.114928245544434,0.28753501176834106
11.380000114440918,-7.786773681640625,0.3512292802333832
11.390000343322754,-7.458096981048584,0.40582436323165894
11.399999618530273,-7.160293102264404,0.4604194462299347
11.40999984741211,-6.899825096130371,0.5150145292282104
11.420000076293945,-6.626917362213135,0.5787087678909302
11.430000305175781,-6.342116832733154,0.624204695224762
11.4399995803833,-6.0959296226501465,0.6606014370918274
11.449999809265137,-5.9147138595581055,0.696998119354248
11.460000038146973,-5.7224507331848145,0.7424940466880798
11.470000267028809,-5.568647861480713,0.7697916030883789
11.479999542236328,-5.443511486053467,0.797089159488678
11.489999771118164,-5.309520244598389,0.8061883449554443
11.5,-5.214365482330322,0.8334858417510986
11.510000228881836,-5.186531066894531,0.8516842126846313
11.520000457763672,-5.150183200836182,0.8516842126846313
11.529999732971191,-5.149877071380615,0.8516842126846313
11.539999961853027,-5.186670303344727,0.8516842126846313
11.550000190734863,-5.27225399017334,0.842585027217865
11.5600004196167,-5.3791279792785645,0.8334858417510986
11.569999694824219,-5.50187349319458,0.8061883449554443
11.579999923706055,-5.649748802185059,0.7788907885551453
11.59000015258789,-5.836115837097168,0.7515932321548462
11.600000381469727,-6.040323734283447,0.7242956757545471
11.609999656677246,-6.264225006103516,0.6787998080253601
11.619999885559082,-6.535813331604004,0.6424030661582947
11.630000114440918,-6.8492350578308105,0.5878079533576965
11.640000343322754,-7.102247714996338,0.5423120856285095
11.649999618530273,-7.415300369262695,0.478617787361145
11.65999984741211,-7.776801586151123,0.4331218898296356
11.670000076293945,-8.122880935668945,0.36032843589782715
11.680000305175781,-8.469942092895508,0.3057333528995514
11.6899995803833,-8.829599380493164,0.24203908443450928
11.699999809265137,-9.159893989562988,0.169245645403862
11.710000038146973,-9.5255765914917,0.10555138438940048
11.720000267028809,-9.927626609802246,0.041857119649648666
11.729999542236328,-10.335350036621094,-0.0218371469527483
11.739999771118164,-10.666972160339355,-0.09463059157133102
11.75,-11.009232521057129,-0.15832485258579254
11.760000228881836,-11.352249145507812,-0.22201912105083466
11.770000457763672,-11.723479270935059,-0.2766141891479492
11.779999732971191,-12.052001953125,-0.3403084874153137
11.789999961853027,-12.33410930633545,-0.3949035704135895
11.800000190734863,-12.649003028869629,-0.4585978090763092
11.8100004196167,-12.885757446289062,-0.5040937066078186
11.819999694824219,-13.138440132141113,-0.5586888194084167
11.829999923706055,-13.393147468566895,-0.6041847467422485
11.84000015258789,-13.672142028808594,-0.6314822435379028
11.850000381469727,-13.90803050994873,-0.6678789854049683
11.859999656677246,-14.072870254516602,-0.7224740982055664
11.869999885559082,-14.237298965454102,-0.7406724095344543
11.880000114440918,-14.372544288635254,-0.7679699659347534
11.890000343322754,-14.45574951171875,-0.7679699659347534
11.899999618530273,-14.51913070678711,-0.7952675223350525
11.90999984741211,-14.569759368896484,-0.8043667078018188
11.920000076293945,-14.545607566833496,-0.8043667078018188
11.930000305175781,-14.50426197052002,-0.7952675223350525
11.9399995803833,-14.431014060974121,-0.7861683368682861
11.949999809265137,-14.336109161376953,-0.7861683368682861
11.960000038146973,-14.188323974609375,-0.7679699659347534
11.970000267028809,-14.016837120056152,-0.7406724095344543
11.979999542236328,-13.882121086120605,-0.7133749127388
11.989999771118164,-13.611855506896973,-0.686077356338501
12,-13.354791641235352,-0.6405814290046692
12.010000228881836,-13.113480567932129,-0.5950855612754822
12.020000457763672,-12.862598419189453,-0.5495896339416504
12.029999732971191,-12.595924377441406,-0.49499452114105225
12.039999961853027,-12.307943344116211,-0.44949865341186523
12.050000190734863,-12.018767356872559,-0.3858043849468231
12.0600004196167,-11.686208724975586,-0.33120930194854736
12.069999694824219,-11.30547046661377,-0.2766141891479492
12.079999923706055,-10.967225074768066,-0.2129199355840683
12.09000015258789,-10.627832412719727,-0.14922566711902618
12.100000381469727,-10.279712677001953,-0.0764322280883789
12.109999656677246,-9.864861488342285,-0.0218371469527483
12.119999885559082,-9.485167503356934,0.050956301391124725
12.130000114440918,-9.12728500366211,0.11465056985616684
12.140000343322754,-8.760476112365723,0.17834483087062836
12.149999618530273,-8.398548126220703,0.25113826990127563
12.15999984741211,-8.062907218933105,0.2966341972351074
12.170000076293945,-7.689540863037109,0.36032843589782715
12.180000305175781,-7.360066890716553,0.42402270436286926
12.1899995803833,-7.062012195587158,0.46951860189437866
12.199999809265137,-6.783354759216309,0.5241137146949768
12.210000038146973,-6.465916633605957,0.5787087678909302
12.220000267028809,-6.226311206817627,0.6333038806915283
12.229999542236328,-6.010533809661865,0.6787998080253601
12.239999771118164,-5.816474914550781,0.7060973048210144
12.25,-5.645843982696533,0.7333948612213135
12.260000228881836,-5.492103576660156,0.7697916030883789
12.270000457763672,-5.371520042419434,0.7879899740219116
12.279999732971191,-5.263611316680908,0.8152875304222107
12.289999961853027,-5.191995620727539,0.8243866562843323
12.300000190734863,-5.181758880615234,0.842585027217865
12.3100004196167,-5.16195821762085,0.842585027217865
12.319999694824219,-5.174623966217041,0.8334858417510986
12.329999923706055,-5.254847526550293,0.8334858417510986
12.34000015258789,-5.334795951843262,0.8243866562843323
12.350000381469727,-5.4760026931762695,0.8061883449554443
12.359999656677246,-5.610293388366699,0.797089159488678
12.369999885559082,-5.773970603942871,0.7606924176216125
12.380000114440918,-5.940459728240967,0.7333948612213135
12.390000343322754,-6.171743392944336,0.7060973048210144
12.399999618530273,-6.4067301750183105,0.6606014370918274
12.40999984741211,-6.719601154327393,0.6151055097579956
12.420000076293945,-6.970876693725586,0.5605103969573975
12.430000305175781,-7.247090816497803,0.5150145292282104
12.4399995803833,-7.596348285675049,0.4604194462299347
12.449999809265137,-7.916514873504639,0.40582436323165894
12.460000038146973,-8.232093811035156,0.3421300947666168
12.470000267028809,-8.611351013183594,0.2784358263015747
12.479999542236328,-8.96805191040039,0.2147415578365326
12.489999771118164,-9.286375045776367,0.16014647483825684
12.5,-9.64342212677002,0.08735302090644836
12.510000228881836,-10.069205284118652,0.014559579081833363
12.520000457763672,-10.44572925567627,-0.04003550484776497
12.529999732971191,-10.773504257202148,-0.11282894760370255
12.539999961853027,-11.13358211517334,-0.1674240380525589
12.550000190734863,-11.491113662719727,-0.24021747708320618
12.5600004196167,-11.837822914123535,-0.3039117455482483
12.569999694824219,-12.148441314697266,-0.35850682854652405
12.579999923706055,-12.440521240234375,-0.42220109701156616
12.59000015258789,-12.733187675476074,-0.46769699454307556
12.600000381469727,-12.9713134765625,-0.513192892074585
12.609999656677246,-13.246390342712402,-0.5768871903419495
12.619999885559082,-13.467443466186523,-0.6132839322090149
12.630000114440918,-13.736337661743164,-0.6496806144714355
12.640000343322754,-13.933971405029297,-0.686077356338501
12.649999618530273,-14.069978713989258,-0.7042757272720337
12.65999984741211,-14.20224666595459,-0.7406724095344543
12.670000076293945,-14.311829566955566,-0.7588707804679871
12.680000305175781,-14.402838706970215,-0.7770691514015198
12.6899995803833,-14.48349666595459,-0.7861683368682861
12.699999809265137,-14.478968620300293,-0.7861683368682861
12.710000038146973,-14.435667991638184,-0.7952675223350525
12.720000267028809,-14.410137176513672,-0.8043667078018188
12.729999542236328,-14.32645034790039,-0.7770691514015198
12.739999771118164,-14.238424301147461,-0.7679699659347534
12.75,-14.09373664855957,-0.7497715950012207
12.760000228881836,-13.96246337890625,-0.7315732836723328
12.770000457763672,-13.751777648925781,-0.6951765418052673
12.779999732971191,-13.48638916015625,-0.6678789854049683
12.789999961853027,-13.240583419799805,-0.6223830580711365
12.800000190734863,-12.99157428741455,-0.5768871903419495
12.8100004196167,-12.72965145111084,-0.540490448474884
12.819999694824219,-12.435696601867676,-0.4767961800098419
12.829999923706055,-12.161633491516113,-0.4313002824783325
12.84000015258789,-11.84073257446289,-0.3676060140132904
12.850000381469727,-11.51059341430664,-0.31301093101501465
12.859999656677246,-11.119058609008789,-0.24931666254997253
12.869999885559082,-10.805602073669434,-0.19472157955169678
12.880000114440918,-10.478832244873047,-0.13102731108665466
12.890000343322754,-10.124187469482422,-0.05823386833071709
12.899999618530273,-9.723655700683594,0.014559579081833363
12.90999984741211,-9.347813606262207,0.06915466487407684
12.920000076293945,-9.010918617248535,0.1237497478723526
12.930000305175781,-8.67031478881836,0.19654318690299988
12.9399995803833,-8.312704086303711,0.260237455368042
12.949999809265137,-7.998214244842529,0.3239317238330841
12.960000038146973,-7.637272834777832,0.37852680683135986
12.970000267028809,-7.322017192840576,0.4331218898296356
12.979999542236328,-7.036632061004639,0.4877169728279114
12.989999771118164,-6.791861057281494,0.5423120856285095
13,-6.494746685028076,0.5878079533576965
13.010000228881836,-6.2443928718566895,0.6424030661582947
13.020000457763672,-6.056132793426514,0.6787998080253601
13.029999732971191,-5.869114875793457,0.7060973048210144
13.039999961853027,-5.684053421020508,0.7333948612213135
13.050000190734863,-5.560792922973633,0.7606924176216125
13.0600004196167,-5.4509806632995605,0.7879899740219116
13.069999694824219,-5.351411819458008,0.797089159488678
13.079999923706055,-5.295938968658447,0.8152875304222107
13.09000015258789,-5.2604827880859375,0.8152875304222107
13.100000381469727,-5.25482702255249,0.8243866562843323
